Warehouse_ID,Location,Current_Stock,Demand_Forecast,Lead_Time_Days,Shipping_Time_Days,Order_delay,Stockout_Risk,Operational_Cost,Supplier_ID,Product_Category,Monthly_Sales,Order_Processing_Time,Return_Rate,Customer_Rating,Warehouse_Capacity,Storage_Cost,Transportation_Cost,Backorder_Quantity,Damaged_Goods,Employee_Count,Sales_Per_Employee,Required_Employees,Employee_Gap,Total_Cost,profit,Inventory_Gap,Optimized_Stock,Need_Emp_Shifting,Cost_Per_Sale,Revenue
WH298,New York,4418,3948,6,4,10,6,74065,S355,Automotive,6836,4.43,8.3,4,43351,11037,7760,112,7,83,82.36144578,60,-23,18797,80341.13904,-470,4418,0,10.83455237,99138.13904
WH414,Chicago,4473,2730,5,3,8,21,32188,S557,Groceries,3435,4.71,1.4,2.1,17183,2226,9199,87,14,17,202.0588235,30,13,11425,38390.60965,-1743,4473,0,9.370596798,49815.60965
WH042,Chicago,2279,1930,4,3,7,24,72812,S569,Automotive,4016,3.27,3.6,1,46299,6101,12458,163,30,51,78.74509804,35,-16,18559,39682.48133,-349,2279,0,18.13047809,58241.48133
WH322,Chicago,1502,2782,5,4,9,11,39104,S134,Furniture,2605.40625,3.86,7.8,3.6,44913,12304,1408,81,15,79,15.75949367,23,-56,13712,24072.5417,1280,2782,12,15.00879182,37784.5417
WH092,Miami,1330,1433,3,2,5,15,57086,S138,Furniture,2560.367188,4.36,0.9,2.7,41005,7917,13814,255,13,95,25.75789474,23,-72,21731,15400.36896,103,1433,1,22.29602077,37131.36896
WH099,Miami,4998,1200,4,3,7,16,64791,S411,Furniture,6075,0.76,5.7,3.9,35815,2792,11106,256,47,78,77.88461538,54,-24,13898,74203.8424,-3798,4998,0,10.66518519,88101.8424
WH153,Atlanta,3630,956,2,4,6,7,45897,S517,Apparel,3023,2.74,5.3,2.6,16306,10185,14293,96,41,25,120.92,27,2,24478,19362.63697,-2674,3630,0,15.18260007,43840.63697
WH492,Dallas,4910,2192,5,4,9,18,80267,S508,Groceries,1004,4.83,7.4,4.7,23954,13725,8905,66,5,48,20.91666667,9,-39,22630,-8069.629667,-2718,4910,0,79.94721116,14560.37033
WH196,San Francisco,4812,751,4,2,6,21,33970,S813,Electronics,2245,3,5.9,3,10905,18866,7405,108,10,75,29.93333333,20,-55,26271,6286.800197,-4061,4812,0,15.13140312,32557.8002
WH414,Dallas,2358,2655,6,1,7,23,45715,S995,Groceries,1753.101563,2.66,3,1.9,26390,7744,5653,140,21,76,18.59210526,15,-61,13397,12027.11154,297,2655,3,26.07664095,25424.11154
WH487,Miami,3885,2529,3,4,7,19,58271,S695,Apparel,3921,1.09,9.1,4.2,30250,12697,6016,204,37,44,89.11363636,35,-9,18713,38150.75705,-1356,3885,0,14.86125988,56863.75705
WH106,New York,1401,2940,5,4,9,22,36265,S456,Apparel,3409.140625,1.29,3.1,4.7,18053,1284,773,205,17,78,23.35897436,30,-48,2057,47383.58767,1539,2940,14,10.6375782,49440.58767
WH062,Chicago,1701,2243,3,1,4,25,31210,S450,Furniture,2047.835938,4.77,1.4,4.8,29687,12883,9577,30,21,42,35.26190476,18,-24,22460,7238.455808,542,2243,5,15.24047871,29698.45581
WH466,Atlanta,4416,2857,2,3,5,6,45999,S310,Groceries,5491,3.55,3.7,2.9,21769,16669,2443,87,10,11,499.1818182,48,37,19112,60520.46364,-1559,4416,0,8.37716263,79632.46364
WH478,Houston,789,1746,4,4,8,23,79365,S453,Automotive,4191.304688,2.74,9.3,3.8,43927,5602,12965,254,9,65,48.78461538,37,-28,18567,42216.81318,957,1746,9,18.93563125,60783.81318
WH195,Los Angeles,2482,1780,2,2,4,12,74035,S188,Automotive,3562,0.71,7.1,3.1,47194,1901,12651,222,13,95,37.49473684,31,-64,14552,37105.40949,-702,2482,0,20.78467153,51657.40949
WH077,Miami,4930,1596,4,2,6,16,65180,S999,Apparel,5159,3.02,1.2,4.7,18352,11701,13753,293,30,35,147.4,46,11,25454,49363.67983,-3334,4930,0,12.63423144,74817.67983
WH470,New York,2498,800,4,2,6,25,45456,S433,Furniture,4404,3.04,2.8,3.8,23341,14588,1950,107,17,77,57.19480519,39,-38,16538,47330.39736,-1698,2498,0,10.32152589,63868.39736
WH145,New York,4357,1521,4,3,7,20,65281,S830,Groceries,5909,3.94,5.4,1.8,47701,1581,5792,119,43,97,60.91752577,52,-45,7373,78321.4505,-2836,4357,0,11.04772381,85694.4505
WH008,Atlanta,4757,4776,5,1,6,12,38284,S655,Apparel,6299.367188,3.08,4.2,1,19414,6995,8901,237,25,94,65.80851064,56,-38,15896,75459.69633,19,4776,1,6.077435854,91355.69633
WH438,Atlanta,4803,2432,6,3,9,20,45299,S845,Electronics,5539,2.43,6,2.4,42401,17954,13519,172,9,91,60.86813187,49,-42,31473,48855.57697,-2371,4803,0,8.178191009,80328.57697
WH122,San Francisco,1332,1339,4,2,6,9,46106,S596,Groceries,3336.367188,1.93,9.5,2.6,15012,19964,11533,190,35,39,82.64102564,29,-10,31497,16888.20101,7,1339,1,13.81922235,48385.20101
WH482,Dallas,654,2773,6,6,12,25,37339,S980,Furniture,4195.976563,3.06,1.3,1.2,48570,4473,1954,268,19,82,24.90243902,37,-45,6427,54424.56639,2119,2773,19,8.898762766,60851.56639
WH016,Atlanta,4789,834,4,3,7,22,80268,S699,Furniture,2642,2.45,5.5,2.3,34766,17788,10987,129,20,27,97.85185185,23,-4,28775,9540.23747,-3955,4789,0,30.38152914,38315.23747
WH326,San Francisco,1966,2828,6,4,10,19,90169,S979,Apparel,3151.9375,3.55,5.7,2.4,34704,7944,11357,99,43,39,57.56410256,28,-11,19301,26409.53513,862,2828,8,28.60748349,45710.53513
WH199,Atlanta,2677,3594,6,3,9,9,93093,S319,Electronics,8569.304688,0.87,8.9,2.8,47231,8493,3125,201,9,16,471.8125,76,60,11618,112657.1491,917,3594,9,10.86354184,124275.1491
WH295,Denver,1834,1077,4,3,7,16,37429,S396,Groceries,4210,3.15,1.8,3.9,12488,10894,10745,164,12,6,701.6666667,37,31,21639,39415.93934,-757,1834,0,8.890498812,61054.93934
WH417,Denver,3017,3410,5,2,7,16,95929,S365,Automotive,5960.46875,3.81,9.4,1.2,41470,15077,13522,242,44,58,94.94827586,53,-5,28599,57841.86888,393,3410,4,16.094204,86440.86888
WH397,Atlanta,1594,2760,2,6,8,9,98567,S813,Apparel,3680.039063,3.72,8.2,4.6,10576,14648,14169,129,19,67,36.31343284,32,-35,28817,24552.25457,1166,2760,11,26.78422656,53369.25457
WH314,New York,794,2163,6,2,8,11,93008,S443,Groceries,2921.773438,3.85,1.1,1.5,25387,5083,5620,97,41,9,160.8888889,26,17,10703,31669.61283,1369,2163,13,31.83272146,42372.61283
WH086,New York,2160,1085,4,5,9,5,66793,S897,Apparel,1418,1.21,7.3,1.6,41232,5883,6290,18,21,36,39.38888889,13,-23,12173,8391.347741,-1075,2160,0,47.10366714,20564.34774
WH256,Houston,4169,4979,3,2,5,15,79750,S539,Groceries,7589.9375,2.68,5.2,1.2,44285,17836,1355,61,26,24,278.4583333,67,43,19191,90881.01275,810,4979,8,10.5073329,110072.0128
WH205,Houston,4789,2629,6,1,7,18,67902,S844,Groceries,1150,1.88,4.3,4.6,24608,2315,5798,125,20,57,20.1754386,10,-47,8113,8564.715023,-2160,4789,0,59.04521739,16677.71502
WH056,Dallas,3636,3453,5,3,8,11,50893,S990,Groceries,5913,2.43,4.5,3.7,38021,2774,10625,157,14,37,159.8108108,52,15,13399,72353.45994,-183,3636,0,8.606967698,85752.45994
WH007,Chicago,3451,1006,5,2,7,9,65441,S919,Apparel,6401,2.83,5.4,5,38157,7002,4023,24,33,96,66.67708333,56,-40,11025,81804.61205,-2445,3451,0,10.22355882,92829.61205
WH320,Houston,2420,2840,2,7,9,25,62394,S915,Automotive,3123.46875,2.98,4.5,4.5,42442,2183,13272,282,46,7,381.4285714,28,21,15455,29842.67104,420,2840,4,19.97586818,45297.67104
WH428,Atlanta,2219,777,4,5,9,15,38940,S431,Apparel,5814,2.87,1.4,1.8,13172,15911,14508,143,39,35,166.1142857,51,16,30419,53897.72621,-1442,2219,0,6.697626419,84316.72621
WH415,Chicago,4568,1768,3,2,5,12,97211,S388,Groceries,3154,2.28,9.7,4.3,47783,11813,546,247,12,46,68.56521739,28,-18,12359,33381.44625,-2800,4568,0,30.82149651,45740.44625
WH005,San Francisco,2474,1871,5,5,10,23,44010,S498,Furniture,4844,1.72,3,3.8,33661,4235,3155,180,15,76,63.73684211,43,-33,7390,62859.43615,-603,2474,0,9.085466557,70249.43615
WH459,New York,1295,2782,2,1,3,23,60363,S286,Electronics,4281.140625,3.27,2.9,1.8,24041,5744,2583,8,19,55,48.98181818,38,-17,8327,53759.64636,1487,2782,14,14.09974707,62086.64636
WH091,Atlanta,2669,5200,6,3,9,5,82513,S860,Electronics,9457.445313,2.01,4.8,3.5,23036,13529,12864,146,33,77,88.96103896,83,6,26393,110762.285,2531,5200,23,8.724660548,137155.285
WH007,Miami,3165,4971,4,1,5,16,98563,S312,Electronics,8951.875,3.31,1.5,4.5,17714,15161,13676,38,37,46,155.173913,79,33,28837,100986.3219,1806,4971,16,11.01031907,129823.3219
WH488,Miami,734,2644,4,3,7,17,82106,S853,Groceries,5076.242188,2.35,3.3,2.3,25240,5249,1900,201,45,49,64.26530612,45,-4,7149,66468.49616,1910,2644,17,16.17456318,73617.49616
WH079,Chicago,4813,2247,5,4,9,14,58707,S491,Apparel,7205,4.2,4.6,3.8,30328,11105,3728,206,48,40,180.125,64,24,14833,89656.51021,-2566,4813,0,8.148091603,104489.5102
WH233(1),New York,1222,2547,3,3,6,22,80137,S201,Apparel,6558.8125,3.39,1,1.4,32242,6179,2251,34,50,29,132.3448276,58,29,8430,86688.26588,1325,2547,24,12.21821786,95118.26588
WH422,Los Angeles,3561,402,5,2,7,9,53249,S890,Automotive,2809,3.89,8.9,3.2,37169,12529,8799,125,2,50,56.18,25,-25,21328,19409.13174,-3159,3561,0,18.95656817,40737.13174
WH228,Dallas,3000,2800,4,3,7,17,68570,S549,Groceries,3022,2.07,1.7,2.1,17122,4512,14576,241,39,93,32.49462366,27,-66,19088,24738.13461,-200,3000,0,22.69027134,43826.13461
WH462,Atlanta,3142,2856,4,2,6,15,97968,S728,Automotive,3289,2.68,2.4,1.8,18089,19529,7146,223,15,86,38.24418605,29,-57,26675,21023.26497,-286,3142,0,29.78656126,47698.26497
WH219,Dallas,3921,4064,5,2,7,16,46284,S648,Furniture,7587.734375,1.1,10,3.1,42770,11017,1729,99,45,13,566.2307692,67,54,12746,97294.06224,143,4064,2,6.099844527,110040.0622
WH393,Denver,3352,1825,8,2,10,8,65532,S403,Automotive,7382,0.86,2.6,4.1,45742,6788,11258,48,16,44,167.7727273,65,21,18046,89010.42809,-1527,3352,0,8.877269033,107056.4281
WH294,Chicago,4251,650,6,4,10,23,57399,S607,Groceries,5765,3.61,7.8,1.2,30399,7522,8792,215,12,61,94.50819672,51,-10,16314,67292.11053,-3601,4251,0,9.956461405,83606.11053
WH074,Atlanta,1391,1134,5,4,9,14,78225,S627,Furniture,5475,3.41,8.3,2.5,30357,2637,7562,27,14,7,782.1428571,48,41,10199,69201.42587,-257,1391,0,14.28767123,79400.42587
WH476,Los Angeles,1386,1271,4,2,6,13,78191,S225,Furniture,1613,4.15,7.8,1.9,31646,17732,7714,238,5,78,20.67948718,14,-64,25446,-2053.691885,-115,1386,0,48.47551147,23392.30811
WH233(2),New York,1221,2546,3,2,5,16,72382,S602,Electronics,4404.835938,2.17,1.4,4.6,27852,7710,1039,132,45,29,47.06,39,10,8749,55131.52042,1325,2546,5,16.43239408,63880.52042
WH438(2),Chicago,304,2558,3,2,5,18,36588,S134,Electronics,6689.8125,0.93,9,3.2,49954,15435,5859,3,8,18,31.20879121,59,41,21294,75724.07516,2254,2558,24,5.469211581,97018.07516
WH387,Chicago,1889,2271,4,4,8,11,91701,S759,Groceries,3591.46875,3.66,7,1.6,30630,6237,13797,63,19,92,34.10869565,32,-60,20034,32050.77594,382,2271,4,25.53300791,52084.77594
WH382,Miami,4258,4740,6,2,8,20,80668,S417,Automotive,5878.835938,4.73,3.6,4.1,27619,4776,12277,13,42,91,58.37362637,52,-39,17053,68204.00037,482,4740,5,13.72176411,85257.00037
WH438(1),Chicago,304,2559,3,3,6,21,37319,S185,Furniture,8504.6875,4.37,9,1.9,26143,12294,9850,64,4,18,220.5277778,75,57,22144,101194.0474,2255,2559,40,4.388050707,123338.0474
WH163,Denver,691,2105,7,2,9,7,72227,S441,Apparel,7188.773438,0.52,5.8,3.6,31692,9854,13762,20,20,23,248.4782609,63,40,23616,80638.18674,1414,2105,13,10.04719381,104254.1867
WH248,Atlanta,4784,1437,8,2,10,19,34112,S768,Electronics,2642,4.25,7.7,4.9,13013,4433,2674,211,25,90,29.35555556,23,-67,7107,31208.23747,-3347,4784,0,12.91143073,38315.23747
WH351,San Francisco,634,705,6,3,9,11,44147,S831,Apparel,1807.367188,3.24,8.9,1.5,25823,17306,917,276,6,62,27.32258065,16,-46,18223,7988.091213,71,705,1,24.42613781,26211.09121
WH366,Los Angeles,1670,1713,10,1,11,20,71498,S813,Apparel,2260.367188,0.72,3.9,1.6,37590,19542,13230,123,15,90,23.85555556,20,-70,32772,8.660695564,43,1713,1,31.631144,32780.6607
WH392,Houston,2742,4889,9,3,12,22,67455,S545,Furniture,8086.976563,1.14,3.7,3.1,41692,2294,5421,129,32,11,539.3636364,71,60,7715,109565.2526,2147,4889,19,8.341189007,117280.2526
WH140,Los Angeles,1449,1639,8,4,12,20,60432,S278,Groceries,7229.734375,0.99,8.9,3.2,41388,13400,1148,115,27,25,280.12,64,39,14548,90300.21704,190,1639,2,8.358813321,104848.217
WH286,Miami,1443,568,5,7,12,21,51904,S778,Electronics,5045,4.9,8.8,3.6,29712,14945,8595,76,18,18,280.2777778,45,27,23540,49624.41069,-875,1443,0,10.28820614,73164.41069
WH102(2),Chicago,1261,2518,1,2,3,25,45894,S807,Furniture,4177,3.39,2.3,1.4,12979,4433,12383,45,12,40,34.06666667,37,-3,16816,43760.36143,1257,2518,0,10.98731147,60576.36143
WH061,San Francisco,4667,1194,6,6,12,23,33599,S809,Apparel,4822,1.89,3,2.7,30124,12415,13679,41,11,77,62.62337662,43,-34,26094,43836.38421,-3473,4667,0,6.967855662,69930.38421
WH102(1),Chicago,1262,2519,1,2,3,7,85322,S990,Apparel,6784.445313,2.47,3.9,1.5,39627,5718,11671,225,18,41,103.1358025,60,19,17389,81001.47436,1257,2519,23,12.57612024,98390.47436
WH254,Dallas,3708,2235,7,5,12,17,36749,S521,Furniture,6759,4.25,6,4.3,36428,7985,9161,98,35,23,293.8695652,60,37,17146,80875.45725,-1473,3708,0,5.4370469,98021.45725
WH055,Dallas,3790,2904,8,4,12,13,80868,S929,Groceries,3819,0.79,6.4,4.7,18187,16069,12253,248,49,31,123.1935484,34,3,28322,27062.51624,-886,3790,0,21.17517675,55384.51624
WH082,San Francisco,4892,1083,7,5,12,19,97049,S183,Electronics,5580,3.67,0.9,1.2,15458,14880,14212,9,49,6,930,49,43,29092,51831.17376,-3809,4892,0,17.39229391,80923.17376
WH013,Miami,4214,2516,5,7,12,8,46897,S998,Furniture,2027,4.12,7.6,4.7,44903,18844,8447,26,12,35,57.91428571,18,-17,27291,2105.285523,-1698,4214,0,23.13616182,29396.28552
WH366,New York,3904,1956,6,6,12,16,96162,S473,Groceries,4401,3.55,6.1,3.5,26040,3997,1846,277,34,36,122.25,39,3,5843,57981.89027,-1948,3904,0,21.85003408,63824.89027
WH436,New York,4553,955,5,7,12,7,77040,S989,Furniture,4390,2.77,2.5,3.9,32777,11404,2328,5,22,8,548.75,39,31,13732,49933.3643,-3598,4553,0,17.54897494,63665.3643
WH104,San Francisco,3963,4359,8,4,12,19,95995,S732,Furniture,7475.46875,3.68,7.2,4.6,15192,5196,11137,228,46,29,242.137931,66,37,16333,92078.94563,396,4359,4,12.8413352,108411.9456
WH002,San Francisco,4387,2175,8,4,12,10,49294,S497,Electronics,5528,3.42,6,3.3,14253,3692,3766,137,16,57,96.98245614,49,-8,7458,72711.051,-2212,4387,0,8.917149059,80169.051
WH286(1),Dallas,1712,2560,1,2,3,16,72693,S248,Apparel,6121.507813,4.95,1,4.3,41424,10280,3078,216,26,48,93.07368421,54,6,13358,75418.31548,848,2560,15,11.87501547,88776.31548
WH286(2),Dallas,1712,2559,1,2,3,23,48912,S164,Apparel,6688.34375,4.95,6.4,2.1,24950,1887,14635,298,24,47,19.03333333,59,12,16522,80474.77481,847,2559,20,7.313021254,96996.77481
WH500,Dallas,4798,2861,8,4,12,23,70972,S966,Automotive,5015,4.65,4.9,3,39543,8082,13117,136,26,14,358.2142857,44,30,21199,51530.33986,-1937,4798,0,14.15194417,72729.33986
WH288,Los Angeles,2981,2203,7,5,12,12,81725,S739,Apparel,2543,1.5,1.6,3.3,12566,12316,8711,194,49,89,28.57303371,22,-67,21027,15852.50374,-778,2981,0,32.13723948,36879.50374
WH057,Chicago,2182,712,10,2,12,23,67124,S221,Groceries,3908,2.62,5.4,1.3,43289,8634,13556,138,35,28,139.5714286,34,6,22190,34485.22636,-1470,2182,0,17.17604913,56675.22636
WH239,Dallas,3926,484,8,3,11,7,93895,S693,Groceries,4893,4.77,6.1,3.8,28701,16975,2778,228,26,83,58.95180723,43,-40,19753,51207.05183,-3442,3926,0,19.1896587,70960.05183
WH080,Seattle,4041,2603,7,4,11,8,92226,S103,Furniture,4073,4.15,7,1.4,38531,15308,4244,194,49,93,43.79569892,36,-57,19552,39516.1159,-1438,4041,0,22.6432605,59068.1159
WH369,San Francisco,2314,1514,6,5,11,9,81364,S549,Groceries,5331,3.59,9,1.1,31325,12245,10053,70,11,10,533.1,47,37,22298,55014.0859,-800,2314,0,15.26242731,77312.0859
WH302,Los Angeles,2867,2066,9,2,11,12,88536,S872,Furniture,1220,1.34,6.5,3.7,29903,7233,4194,0,15,69,17.68115942,11,-58,11427,6265.880285,-801,2867,0,72.5704918,17692.88029
WH361,Dallas,4062,1475,8,3,11,9,39957,S498,Groceries,4224,3.18,6.2,2.8,14738,9524,13636,66,42,54,78.22222222,37,-17,23160,38097.9724,-2587,4062,0,9.459517045,61257.9724
WH134,Seattle,582,979,4,7,11,13,78161,S828,Furniture,2209.46875,3.22,3.6,2,33854,15544,11418,300,47,16,109.75,19,3,26962,5080.513186,397,979,4,35.37547205,32042.51319
WH102,Los Angeles,2194,2077,10,1,11,17,55474,S337,Apparel,5565,2.27,3.2,1.4,22467,13135,14564,62,25,17,327.3529412,49,32,27699,53006.63835,-117,2194,0,9.968373765,80705.63835
WH269,Miami,1573,2459,5,6,11,6,44851,S863,Apparel,6155.9375,0.56,9.4,5,35387,17511,14135,249,22,69,76.07246377,54,-15,31646,57629.62724,886,2459,8,7.285811463,89275.62724
WH254,Atlanta,4276,3468,10,1,11,16,44679,S410,Furniture,6997,3.56,1.2,1.8,25956,1174,14281,122,6,54,129.5740741,62,8,15455,86018.01914,-808,4276,0,6.385450908,101473.0191
WH195,Miami,1618,499,8,3,11,5,76517,S746,Apparel,6348,3.33,7,3.9,31711,4840,7402,65,50,33,192.3636364,56,23,12242,79818.98693,-1119,1618,0,12.05371771,92060.98693
WH381,Los Angeles,3835,969,9,2,11,5,62446,S325,Furniture,3646,4.94,5.1,1,22411,6006,6845,77,18,15,243.0666667,32,17,12851,40024.6078,-2866,3835,0,17.12726275,52875.6078
WH026,Chicago,2042,2627,6,5,11,12,55853,S944,Electronics,5168.203125,1.31,4.2,3.6,13881,2691,1893,203,50,73,61.47945205,46,-27,4584,70367.14687,585,2627,6,10.80704428,74951.14687
WH257,Houston,839,2010,10,1,11,13,69694,S708,Apparel,5899.039063,1.54,7.6,2.1,41031,19979,13698,289,26,90,51.68888889,52,-38,33677,51872.99338,1171,2010,11,11.8144666,85549.99338
WH424,Seattle,1645,1998,7,4,11,13,85144,S339,Electronics,2256.46875,1.92,7.3,3.8,47552,10090,9488,167,47,40,45.075,20,-20,19578,13146.12415,353,1998,4,37.73329456,32724.12415
WH120,Denver,2258,2659,4,5,9,5,97396,S968,Electronics,4952.46875,1.53,1.5,1.9,35457,15946,515,158,40,42,107.1190476,44,2,16461,55361.48911,401,2659,4,19.66615135,71822.48911
WH125,Chicago,4977,1299,5,6,11,23,91605,S954,Electronics,6841,1.59,9.5,1.9,41030,8656,2296,12,11,47,145.5531915,60,13,10952,88258.65084,-3678,4977,0,13.39058617,99210.65084
WH413,Seattle,3412,2576,4,7,11,25,52720,S899,Automotive,1753,0.56,1.3,2.4,32468,5445,4987,111,29,21,83.47619048,15,-6,10432,14990.63864,-836,3412,0,30.07415859,25422.63864
WH049,Chicago,3577,2582,8,3,11,7,89377,S825,Furniture,6669,1.19,6.2,4.5,45556,1133,9913,195,28,97,68.75257732,59,-38,11046,85670.24477,-995,3577,0,13.40185935,96716.24477
WH419,San Francisco,2492,598,8,3,11,19,55080,S783,Automotive,4399,2.87,3.9,1.5,33279,18414,11372,89,29,5,879.8,39,34,29786,34009.88555,-1894,2492,0,12.52102751,63795.88555
WH079,Dallas,3347,878,6,5,11,24,55163,S581,Automotive,3689,2.35,0.9,2.1,19511,11709,12230,210,44,78,47.29487179,33,-45,23939,29560.20932,-2469,3347,0,14.9533749,53499.20932
WH027,New York,4759,484,9,2,11,17,96825,S131,Automotive,3694,0.83,3.6,3.2,16996,7961,14110,119,41,85,43.45882353,33,-52,22071,31500.72113,-4275,4759,0,26.21142393,53571.72113
WH476,New York,2870,3549,5,6,11,9,54988,S688,Automotive,7199.203125,2.34,6.2,4.6,26572,13100,3192,214,36,57,114.3684211,64,7,16292,88113.44183,679,3549,6,7.638067581,104405.4418
WH190,Dallas,3101,898,9,2,11,10,81760,S434,Groceries,1225,3.74,5.8,2.6,43489,7690,3512,259,5,59,20.76271186,11,-48,11202,6563.392089,-2203,3101,0,66.74285714,17765.39209
WH178(1),Atlanta,1449,2567,5,3,8,12,55488,S840,Automotive,6783.34375,3,5.7,4,41563,15830,13589,144,49,12,376.3333333,60,48,29419,68955.4991,1118,2567,20,8.180036579,98374.4991
WH340,Chicago,4763,4343,5,5,10,16,64176,S116,Furniture,5956,1.03,7.3,4.2,22784,9863,13435,153,3,49,121.5510204,53,4,23298,63078.06146,-420,4763,0,10.77501679,86376.06146
WH211,San Francisco,3840,666,9,1,10,19,30165,S459,Automotive,1326,0.66,2.4,1.1,32490,9766,807,181,17,20,66.3,12,-8,10573,8657.130539,-3174,3840,0,22.74886878,19230.13054
WH268,Chicago,2383,697,5,5,10,14,84872,S636,Groceries,4982,2.57,4.2,2.9,39082,19243,10301,202,49,26,191.6153846,44,18,29544,42706.76195,-1686,2383,0,17.03572862,72250.76195
WH495,Seattle,3126,520,5,5,10,20,59269,S917,Electronics,1557,1.66,3.1,4.7,21943,2075,1571,48,30,12,129.75,14,2,3646,18934.1759,-2606,3126,0,38.06615286,22580.1759
WH057,Los Angeles,4390,486,8,2,10,6,72677,S862,Apparel,2700,3.74,9.8,1.2,42370,3080,14988,80,0,56,48.21428571,24,-32,18068,21088.3744,-3904,4390,0,26.91740741,39156.3744
WH449,Seattle,2484,2155,3,7,10,11,92559,S837,Apparel,2049,4.44,7.6,4.6,24642,3168,11699,300,1,98,20.90816327,18,-80,14867,14848.33746,-329,2484,0,45.1727672,29715.33746
WH388,Dallas,2595,4478,8,2,10,23,36726,S813,Electronics,9139.242188,2.73,3.9,1.2,13371,5624,6640,166,27,60,120.2,81,21,12264,120276.5885,1883,4478,17,4.018495106,132540.5885
WH125,Denver,3380,5055,6,4,10,24,66402,S735,Groceries,7244.507813,2.23,8.5,1.3,23744,13811,9053,146,4,85,65.22352941,64,-21,22864,82198.46676,1675,5055,15,9.165840071,105062.4668
WH178(2),Atlanta,1448,2566,5,2,7,5,98673,S139,Electronics,7350.179688,3.42,9,2,12348,5046,13352,268,42,12,631.8571429,65,53,18398,88196.95843,1118,2566,25,13.42456976,106594.9584
WH153,Seattle,2783,3089,6,4,10,20,31379,S147,Automotive,5939.101563,3.85,5.2,4.1,34966,9430,7684,210,32,91,61.52747253,52,-39,17114,69016.99422,306,3089,3,5.283459067,86130.99422
WH082,Dallas,3756,1623,8,2,10,25,83069,S801,Apparel,4363,4.84,6.3,2.3,48455,5138,12163,276,43,18,242.3888889,38,20,17301,45972.80056,-2133,3756,0,19.03942242,63273.80056
WH287,Dallas,3298,408,7,3,10,9,32024,S971,Groceries,6968,2.76,7.9,3.3,10604,5177,10228,149,30,19,366.7368421,61,42,15405,85647.45068,-2890,3298,0,4.59586682,101052.4507
WH092(1),San Francisco,1774,2559,2,3,5,20,46592,S799,Electronics,6286.140625,2.69,5,2.9,11927,1357,9805,184,40,39,120.4871795,55,16,11162,80001.87994,785,2559,14,7.411860914,91163.87994
WH358,Houston,1336,2299,3,7,10,16,58287,S207,Automotive,7748.304688,0.86,4.7,3.3,41200,3103,9223,270,5,65,103.5076923,68,3,12326,100042.7109,963,2299,9,7.522548783,112368.7109
WH092(2),San Francisco,1773,2558,2,2,4,14,82542,S954,Automotive,8666.851563,3.88,4.4,1.2,26141,15403,9039,228,6,39,77.6875,76,37,24442,101247.8091,785,2558,35,9.523873739,125689.8091
WH380,Denver,1295,1850,8,2,10,6,86908,S873,Automotive,8122.835938,4.15,4,2.9,10776,2975,2045,45,6,12,629.6666667,72,60,5020,112780.2982,555,1850,5,10.69921893,117800.2982
WH342,Los Angeles,802,1651,5,5,10,25,98483,S928,Furniture,6614.9375,3.84,7.2,3.7,42957,11639,14914,34,28,86,66.37209302,58,-28,26553,69379.21089,849,1651,8,14.88797135,95932.21089
WH023,Atlanta,4279,3822,4,6,10,10,91635,S133,Furniture,6007,3.56,8,4,18979,2775,8483,221,48,50,120.14,53,3,11258,75857.68186,-457,4279,0,15.25470285,87115.68186
WH480,Los Angeles,3929,1419,7,3,10,15,96829,S566,Apparel,3793,1.63,3.3,1.2,45860,7257,7188,222,0,22,172.4090909,33,11,14445,40562.45485,-2510,3929,0,25.52834168,55007.45485
WH325,New York,4863,2479,6,4,10,15,61482,S147,Groceries,5514,3.45,4,4.1,21317,9460,11887,20,10,34,162.1764706,49,15,21347,58619.01794,-2384,4863,0,11.15016322,79966.01794
WH232,San Francisco,688,1463,3,7,10,13,90841,S520,Automotive,2266.570313,3.45,6,4.3,15316,17786,5956,128,4,25,58.92,20,-5,23742,9128.620653,775,1463,7,40.07861547,32870.62065
WH131,New York,4422,828,9,1,10,5,80974,S181,Groceries,6857,1.19,5.7,1.4,31687,11125,6039,106,29,38,180.4473684,60,22,17164,82278.68862,-3594,4422,0,11.80895435,99442.68862
WH370,Denver,3057,930,4,6,10,13,33807,S805,Groceries,6939,1.49,9.3,1.9,29413,8501,3176,289,18,58,119.637931,61,3,11677,88954.88221,-2127,3057,0,4.87202767,100631.8822
WH243,Seattle,2270,575,4,6,10,11,59428,S222,Automotive,1848,2.92,8.8,4,11850,2588,8173,181,10,23,80.34782609,16,-7,10761,16039.36292,-1695,2270,0,32.15800866,26800.36292
WH039,New York,2347,2434,7,3,10,17,93079,S445,Electronics,3019.367188,1.19,4.7,2.3,46837,5506,9020,88,24,21,138.3809524,27,6,14526,29261.95261,87,2434,1,30.8273205,43787.95261
WH340,Miami,2753,4022,6,4,10,14,54693,S604,Apparel,7954.40625,1.17,6.4,4.1,16172,3931,5384,72,29,22,299.7272727,70,48,9315,106042.6701,1269,4022,12,6.875811755,115357.6701
WH127(2),Miami,1167,2550,3,2,5,17,38811,S384,Automotive,6545.875,4.34,6.7,3.8,35268,3996,6269,189,35,50,59.83333333,58,8,10265,84665.64159,1383,2550,16,5.929077472,94930.64159
WH127(1),Miami,1167,2550,4,2,6,6,77838,S347,Electronics,7567.179688,4.29,4.3,1.4,30756,13127,1215,125,44,50,94.65,67,17,14342,95399.97074,1383,2550,25,10.28626294,109741.9707
WH286,Los Angeles,2208,1339,8,1,9,15,95778,S560,Automotive,5219,3.62,5.9,4.2,26580,13840,12534,160,31,34,153.5,46,12,26374,49313.82148,-869,2208,0,18.35179153,75687.82148
WH023(1),San Francisco,1318,2198,5,4,9,23,73077,S603,Groceries,6308.875,3.62,9.5,2,36191,7937,14852,54,4,39,115.2435897,56,17,22789,68704.58206,880,2198,16,11.5832062,91493.58206
WH093,Miami,1650,717,4,5,9,25,85842,S411,Automotive,1304,1.19,4.3,4.7,45743,13382,7065,184,27,57,22.87719298,12,-45,20447,-1535.9214,-933,1650,0,65.8297546,18911.0786
WH105(2),Miami,1468,2517,1,3,4,7,77444,S317,Electronics,5100.101563,1.76,7,1.7,31326,2080,6426,18,23,11,74.61538462,45,34,8506,65457.51343,1049,2517,3,15.18479565,73963.51343
WH049,San Francisco,2807,4166,3,6,9,16,56895,S141,Apparel,7496.40625,1.79,1.4,1.4,46738,10655,6239,68,8,67,91.58208955,66,-1,16894,91821.58881,1359,4166,12,7.589636701,108715.5888
WH353,San Francisco,3119,4223,2,7,9,7,34027,S763,Electronics,6594.671875,1.95,8.5,2.5,46381,6415,861,71,38,8,682.625,58,50,7276,88362.31148,1104,4223,10,5.159771501,95638.31148
WH105(1),Miami,1468,2517,2,3,5,9,82925,S372,Furniture,6914.976563,3.12,2.3,4.7,23562,19875,1132,55,36,11,432.7727273,61,50,21007,79276.48565,1049,2517,19,11.99208692,100283.4857
WH189,San Francisco,783,1310,6,3,9,5,97457,S733,Electronics,2596.835938,2.34,1,2.2,33885,1985,6261,257,23,71,28.5915493,23,-48,8246,29414.25194,527,1310,5,37.52913251,37660.25194
WH334,Los Angeles,4069,1971,5,4,9,11,41108,S456,Groceries,2308,4.04,2.2,1.1,37238,12903,7918,121,24,14,164.8571429,20,6,20821,12650.44893,-2098,4069,0,17.81109185,33471.44893
WH378,Denver,3385,3251,5,4,9,5,46917,S586,Automotive,6447,1.38,9.5,2.7,14836,12091,8644,175,0,28,230.25,57,29,20735,72761.72065,-134,3385,0,7.277338297,93496.72065
WH236,Atlanta,4793,4845,4,5,9,6,76581,S511,Apparel,7585.367188,2.49,1.7,3.7,40975,8669,5610,79,35,92,81.2173913,67,-25,14279,95726.73243,52,4845,1,10.09588568,110005.7324
WH331,San Francisco,2710,2793,7,2,9,22,40686,S857,Electronics,5269.367188,4.15,5.7,3.2,33721,5159,9866,227,30,86,59.95348837,46,-40,15025,61393.26461,83,2793,1,7.721230757,76418.26461
WH165,Dallas,4585,1133,7,2,9,16,59096,S255,Apparel,7346,3.06,8.1,2.7,10927,7768,3878,15,24,59,124.5084746,65,6,11646,94888.34309,-3452,4585,0,8.04465015,106534.3431
WH444(1),New York,1107,879,5,4,9,25,34912,S677,Apparel,4716,3.13,2.1,2.1,15788,10598,3113,233,48,26,181.3846154,42,16,13711,54682.13395,-228,1107,0,7.4028838,68393.13395
WH390,Dallas,3530,1066,8,1,9,19,68576,S927,Furniture,2204,1.2,9.4,4.3,15844,11824,13391,277,7,28,78.71428571,19,-9,25215,6748.2034,-2464,3530,0,31.11433757,31963.2034
WH396,Los Angeles,4689,620,7,2,9,9,96508,S142,Electronics,2833,4.11,8.8,2.7,10597,19812,13221,144,8,79,35.86075949,25,-54,33033,8052.1884,-4069,4689,0,34.06565478,41085.1884
WH473(1),Atlanta,2483,2235,5,4,9,5,33179,S181,Electronics,4223,4.38,8.3,4.3,25568,18319,7078,227,32,39,109.6883117,37,-2,25397,35846.47004,-248,2483,0,7.856736917,61243.47004
WH478(2),San Francisco,616,2587,3,3,6,23,85798,S350,Apparel,5899.671875,3.4,4.6,2.4,25878,3896,11847,63,43,27,13.17021277,52,25,15743,69816.17066,1971,2587,10,14.54284269,85559.17066
WH124,New York,2550,2544,5,4,9,18,43064,S593,Furniture,7192,1.49,6.2,1.4,23986,7744,13724,38,32,85,84.61176471,63,-22,21468,82832.97952,-6,2550,0,5.987764182,104300.9795
WH279,Los Angeles,2279,1715,3,6,9,19,51798,S474,Apparel,5390,2.98,7.3,2.9,17432,5887,1238,29,39,69,78.11594203,48,-21,7125,71042.72519,-564,2279,0,9.610018553,78167.72519
WH478(1),San Francisco,617,2588,3,3,6,16,49703,S466,Electronics,8734.851563,4.7,3.3,4.8,27791,18878,3668,232,34,28,173.3272727,77,49,22546,104129.9697,1971,2588,35,5.690194006,126675.9697
WH182,Chicago,2206,1667,8,1,9,6,47230,S258,Apparel,6579,0.66,8.7,2.4,25968,12102,12800,51,28,60,109.65,58,-2,24902,70509.03229,-539,2206,0,7.178902569,95411.03229
WH436,Miami,2199,1668,7,2,9,15,87711,S698,Furniture,2852,4.7,2.7,4.9,15009,14154,5337,172,12,99,28.80808081,25,-74,19491,21869.73326,-531,2199,0,30.75420757,41360.73326
WH105,New York,4872,2903,3,6,9,6,52838,S152,Furniture,7135,2.55,3.8,3.7,36005,4009,13393,2,20,40,178.375,63,23,17402,86072.34495,-1969,4872,0,7.405466013,103474.3449
WH087,Houston,1254,5127,2,4,6,5,96514,S240,Apparel,9040.851563,4.69,6.3,3.2,12956,16289,544,218,34,86,58.98837209,80,-6,16833,114280.6921,3873,5127,35,10.67532182,131113.6921
WH072,San Francisco,848,4086,2,1,3,10,87409,S654,Furniture,8441.648438,3.09,8.5,4.8,45161,1335,5088,161,7,66,78.09090909,74,8,6423,116000.8321,3238,4086,29,10.35449423,122423.8321
WH350,Miami,2652,1374,2,7,9,21,44162,S230,Furniture,5892,3.5,8.1,3.4,20238,15998,5669,198,9,82,71.85365854,52,-30,21667,63780.91036,-1278,2652,0,7.495247794,85447.91036
WH418,Chicago,3322,2770,3,6,9,22,90331,S476,Apparel,6836,3.02,4.5,1.8,24388,16588,9369,105,28,6,1139.333333,60,54,25957,73181.13904,-552,3322,0,13.21401404,99138.13904
WH296,Seattle,1762,3916,2,4,6,13,36091,S746,Automotive,7596.34375,2.99,6.4,3.5,37245,19475,12567,16,31,91,58.56043956,67,-24,32042,78122.9185,2154,3916,20,4.751101476,110164.9185
WH162,Chicago,2247,4189,4,3,7,12,53533,S831,Apparel,7388.609375,3.45,3.8,4.9,40767,6053,11638,63,27,80,66.85,65,-15,17691,89461.27963,1942,4189,18,7.245341753,107152.2796
WH488,Dallas,4067,2729,7,2,9,12,46080,S622,Automotive,4596,1.41,7.9,1.8,10940,6967,11725,260,8,90,51.06666667,41,-49,18692,47960.85065,-1338,4067,0,10.02610966,66652.85065
WH266,Miami,4874,4415,8,1,9,11,87222,S851,Groceries,6771,3.99,9.5,2.8,37502,1217,8138,6,15,39,173.6153846,60,21,9355,88840.48558,-459,4874,0,12.88170137,98195.48558
WH475,Atlanta,4328,1522,6,3,9,19,50887,S401,Furniture,4595,1.23,1.4,4.4,20088,17571,7604,97,31,93,49.40860215,41,-52,25175,41463.34829,-2806,4328,0,11.07442873,66638.34829
WH499,Seattle,2809,1747,7,2,9,14,70859,S254,Apparel,1314,4.81,8.8,2.1,14956,17141,13579,247,24,87,15.10344828,12,-75,30720,-11663.89779,-1062,2809,0,53.9261796,19056.10221
WH286,Denver,4127,2375,3,6,9,5,58513,S923,Apparel,1780,4.03,4.1,1.9,15638,14093,4045,255,44,75,23.73333333,16,-59,18138,7676.202383,-1752,4127,0,32.87247191,25814.20238
WH428,Seattle,1799,484,5,3,8,25,57671,S469,Apparel,4671,2.13,7.9,1.5,34452,18186,14587,253,36,94,49.69148936,41,-53,32773,34967.52771,-1315,1799,0,12.34660672,67740.52771
WH195,New York,833,3175,4,3,7,6,95174,S346,Apparel,7749.710938,1.61,6.9,2.8,46936,11659,13600,20,29,35,153.4,68,33,25259,87130.1048,2342,3175,21,12.28097419,112389.1048
WH253,Miami,2962,552,5,3,8,17,99018,S491,Furniture,1392,2.97,9.4,4.1,10606,3671,13568,255,4,7,198.8571429,12,5,17239,2948.286358,-2410,2962,0,71.13362069,20187.28636
WH131(2),Denver,1278,443,4,3,7,10,70630,S761,Apparel,9159.585938,3.42,4.6,1.8,22089,5249,3224,270,23,7,287.5,81,74,8473,124362.6209,-835,1278,37,7.711047255,132835.6209
WH434(1),New York,1768,2281,4,4,8,19,66003,S677,Electronics,6009.671875,4.76,7,2.9,27446,4070,2268,6,33,14,361.1851852,53,39,6338,80816.43036,513,2281,10,10.98279596,87154.43036
WH162,Seattle,1443,1157,4,4,8,18,76947,S109,Automotive,3327,0.99,6.9,1.3,23449,18784,11728,259,20,38,87.55263158,29,-9,30512,17737.35468,-286,1443,0,23.12804328,48249.35468
WH473(2),Atlanta,2483,2234,5,3,8,6,53951,S211,Groceries,5243.304688,2.98,0.9,1.6,49896,7065,557,2,26,38,107.7209302,46,8,7622,68418.29683,-249,2483,9,10.28950313,76040.29683
WH023(2),San Francisco,1317,2197,5,3,8,18,95645,S558,Groceries,6307.875,4.77,6.6,2,44370,8185,5267,248,18,39,48.68181818,56,17,13452,78027.07969,880,2197,16,15.16279254,91479.07969
WH035(2),Chicago,1964,1594,5,3,8,18,42837,S955,Groceries,8443.75,2.17,5.8,2.9,15353,16110,7856,70,42,6,111.2258065,74,68,23966,98488.30976,-370,1964,32,5.073219837,122454.3098
WH221,Dallas,4693,2590,6,2,8,9,68367,S923,Apparel,2077,3.69,1.1,3.2,16068,12663,13144,106,12,19,109.3157895,18,-1,25807,4314.403567,-2103,4693,0,32.91622532,30121.40357
WH455,Chicago,1129,2613,5,2,7,19,46628,S596,Groceries,6972.140625,2.91,6,4.3,27025,2517,11960,192,40,41,131.3414634,62,21,14477,86635.49952,1484,2613,14,6.687759543,101112.4995
WH009,Atlanta,3113,639,3,5,8,21,73388,S520,Groceries,5139,0.68,2.3,1.2,42738,1938,10983,29,0,19,270.4736842,45,26,12921,61606.63261,-2474,3113,0,14.28059934,74527.63261
WH312(1),Dallas,2404,577,5,3,8,19,34386,S471,Groceries,4612,0.83,0.8,3.7,46284,16981,11539,238,19,20,236.4871795,41,21,28520,38364.88842,-1827,2404,0,7.455767563,66884.88842
WH307(1),Chicago,1268,335,5,3,8,7,86852,S105,Electronics,4855,2.39,1.5,2.8,38167,2813,9918,64,15,22,220.6590909,43,21,12731,57677.96212,-933,1268,0,17.88918641,70408.96212
WH054(1),New York,1617,2120,4,4,8,17,53723,S156,Electronics,5359.304688,3.37,6.2,4.2,18257,18102,8880,74,41,31,142.2622951,47,16,26982,50740.57069,503,2120,9,10.02424813,77722.57069
WH118,Seattle,2936,1810,7,1,8,15,85788,S871,Electronics,2984,0.97,5.3,2.1,12727,1632,12062,260,41,56,53.28571429,26,-30,13694,29581.04489,-1126,2936,0,28.74932976,43275.04489
WH465(1),Houston,2470,1441,5,3,8,14,82802,S505,Groceries,4539,0.53,1.3,4.2,29356,10599,951,137,27,12,394.6956522,40,28,11550,54276.21608,-1029,2470,0,18.24234413,65826.21608
WH162,Chicago,2737,1503,5,3,8,17,72351,S256,Electronics,6939,4.45,4.1,2.5,42643,7212,8668,0,46,78,88.96153846,61,-17,15880,84751.88221,-1234,2737,0,10.42671855,100631.8822
WH444(2),New York,1107,878,5,3,8,24,98302,S501,Apparel,7776.914063,1.2,9.8,4.2,19745,19929,14181,205,6,26,153.5,69,43,34110,78673.61434,-229,1107,27,12.64023226,112783.6143
WH204,New York,4161,4769,2,6,8,25,64773,S364,Furniture,8185.203125,4.85,5.9,1.6,27050,4514,2645,98,46,50,150.1,72,22,7159,111545.7697,608,4769,6,7.913426095,118704.7697
WH312(2),Dallas,2404,576,5,3,8,20,61693,S488,Groceries,8125.382813,2.52,4.7,3.1,14077,12042,5816,271,9,19,169.5652174,72,53,17858,99979.23391,-1828,2404,31,7.592626886,117837.2339
WH136,Houston,2227,3193,5,2,7,22,71473,S899,Electronics,6530.304688,1.43,2.2,1.5,19817,8826,11062,194,29,7,787.1428571,58,51,19888,74816.8353,966,3193,9,10.94481857,94704.8353
WH492,San Francisco,1967,442,7,1,8,6,34205,S287,Furniture,5005,2.2,5.3,3.6,21377,3361,9361,75,39,7,715,44,37,12722,59862.31625,-1525,1967,0,6.834165834,72584.31625
WH012,Seattle,3842,4266,5,3,8,9,54664,S377,Electronics,7131.46875,2.96,4.5,3,24667,12490,11557,68,11,31,215.4193548,63,32,24047,79376.13348,424,4266,4,7.665181173,103423.1335
WH035(1),Chicago,1965,1594,5,3,8,7,93280,S287,Automotive,4816,2.72,4.3,3.4,43657,5616,14651,13,32,6,802.6666667,42,36,20267,49576.37004,-371,1965,0,19.36877076,69843.37004
WH017,Denver,4576,1341,2,6,8,6,52507,S696,Apparel,3262,4.28,2.4,2.4,38381,12369,11657,130,11,42,77.66666667,29,-13,24026,23280.70122,-3235,4576,0,16.09656652,47306.70122
WH440,Atlanta,2943,3759,4,4,8,17,84467,S858,Automotive,6397.9375,2.78,5.7,1.1,11290,7098,11675,88,17,61,90.01639344,56,-5,18773,74012.19857,816,3759,8,13.20222337,92785.19857
WH477,Atlanta,679,1890,7,1,8,22,49608,S684,Electronics,2606.039063,1,4.2,4.2,14825,15165,7572,248,3,71,19.14084507,23,-48,22737,15056.71898,1211,1890,11,19.03578527,37793.71898
WH131(1),Denver,1278,443,5,4,9,19,98956,S516,Furniture,4966,4.29,7.3,1.2,15965,16289,8362,221,0,7,709.3571429,44,37,24651,47367.72418,-835,1278,0,19.92670157,72018.72418
WH018,Atlanta,2437,1217,4,4,8,5,75859,S656,Furniture,4990,2.71,2.6,2.8,36928,10790,12841,224,24,18,277.2222222,44,26,23631,48735.78084,-1220,2437,0,15.20220441,72366.78084
WH305,New York,1969,1594,2,6,8,24,67751,S755,Apparel,1686,4.15,9.6,3,49519,6988,2877,46,27,68,24.79411765,15,-53,9865,14585.98046,-375,1969,0,40.18446026,24450.98046
WH046,Los Angeles,4545,2036,2,6,8,8,90308,S801,Apparel,7029,2.66,7.2,1.3,25207,5008,12688,231,45,98,71.7244898,62,-36,17696,84241.09469,-2509,4545,0,12.84791578,101937.0947
WH391,Miami,2671,2527,6,2,8,18,36034,S102,Automotive,1288,4.56,3.7,4.4,49979,12654,3570,25,20,51,25.25490196,11,-40,16224,2455.040825,-144,2671,0,27.97670807,18679.04083
WH141(1),Miami,330,2364,5,3,8,8,42631,S798,Furniture,8467.21875,3.78,3.4,3.1,46742,13170,3430,178,6,41,106.9634146,75,34,16600,106194.662,2034,2364,36,5.034829176,122794.662
WH088,Denver,4839,3605,4,4,8,12,87571,S967,Furniture,6480,2.59,9.7,3.7,11626,5702,3342,221,35,75,86.4,57,-18,9044,84931.29856,-1234,4839,0,13.51404321,93975.29856
WH222,Dallas,2049,2313,5,3,8,16,44699,S496,Automotive,5371.101563,1.79,5,4.5,47494,14434,14244,33,48,88,57.17045455,47,-41,28678,49215.65323,264,2313,3,8.322128986,77893.65323
WH465(2),Houston,2469,1440,5,3,8,8,71632,S281,Electronics,5332.570313,3.61,10,2.1,38342,17265,6921,93,9,11,15.92424242,47,36,24186,53148.85914,-1029,2469,7,13.4329218,77334.85914
WH434(1),Los Angeles,1864,1995,5,3,8,18,51895,S839,Automotive,4888.101563,2.84,4.7,4.8,43242,13126,13685,171,13,26,174.9038462,43,17,26811,44078.01292,131,1995,3,10.6165961,70889.01292
WH028,New York,2543,2562,7,1,8,9,56665,S996,Groceries,2054.367188,2.16,7.4,2.4,27228,4967,11925,54,38,45,43.13333333,18,-27,16892,12901.17435,19,2562,1,27.58270301,29793.17435
WH204(1),Seattle,911,268,5,3,8,23,78229,S966,Electronics,4414,1.3,7,1.2,12831,7219,3575,204,24,24,183.9166667,39,15,10794,53219.42097,-643,911,0,17.72292705,64013.42097
WH434(2),New York,1767,2280,4,3,7,24,40932,S759,Automotive,5556.203125,1.01,3.9,2.3,42128,2181,8725,122,3,13,64.52830189,49,36,10906,69672.06289,513,2280,6,7.366901296,80578.06289
WH204(2),Seattle,910,268,4,3,7,17,77723,S637,Furniture,7021.445313,2.9,2.4,2,30536,18584,14848,270,8,24,29.41489362,62,38,33432,68395.53389,-642,910,23,11.0693734,101827.5339
WH199(1),Miami,1775,1614,5,2,7,13,74353,S158,Electronics,4764,1.79,9.7,2.1,49867,1083,8062,188,4,28,170.125,42,14,9145,59944.24728,-161,1775,0,15.6072628,69089.24728
WH112(1),Chicago,1560,2348,4,3,7,21,56043,S669,Furniture,5627.140625,2.7,3.6,3.5,38594,2330,1930,91,47,13,310.7307692,50,37,4260,77346.82412,788,2348,14,9.959409891,81606.82412
WH071(1),San Francisco,2238,663,5,3,8,22,30531,S476,Groceries,3891,2.04,7.2,4.6,12303,9088,6130,241,32,31,127.5737705,34,3,15218,41210.68622,-1575,2238,0,7.846569005,56428.68622
WH090,Dallas,4959,1521,2,5,7,13,46931,S279,Apparel,7214,4.84,2.6,4.8,38363,1270,2087,189,41,41,175.9512195,64,23,3357,101263.0315,-3438,4959,0,6.505544774,104620.0315
WH280(1),San Francisco,1682,1610,5,2,7,9,72445,S396,Furniture,3904,1.67,0.7,4.6,11340,16014,5555,150,17,35,111.5428571,34,-1,21569,35048.21691,-72,1682,0,18.55660861,56617.21691
WH388,San Francisco,2202,2947,10,2,12,24,84686,S270,Apparel,6460.570313,1.78,8.7,4.4,48273,18885,13036,92,39,46,123.1956522,57,11,31921,61772.52222,745,2947,7,13.10813069,93693.52222
WH033(2),Seattle,310,1900,4,2,6,23,47857,S201,Apparel,4356.835938,2.63,8.7,1.2,49704,8597,676,283,36,16,37.55384615,38,22,9273,53911.4071,1590,1900,5,10.98434751,63184.4071
WH050,Seattle,4324,1831,3,4,7,17,43981,S921,Groceries,1393,1.13,7.1,1.7,46359,14236,13470,70,5,89,15.65168539,12,-77,27706,-7504.211281,-2493,4324,0,31.57286432,20201.78872
WH233(1),Denver,1817,1723,5,2,7,5,80642,S398,Furniture,4324,4.68,9.5,1.9,40696,5691,2231,278,3,17,262.030303,38,21,7922,54786.20849,-94,1817,0,18.64986124,62708.20849
WH205(1),San Francisco,2428,2278,4,3,7,13,44452,S450,Apparel,3925,3.16,1.4,4.6,29113,5476,3787,35,10,34,115.4411765,35,1,9263,47658.76649,-150,2428,0,11.32535032,56921.76649
WH054(1),Denver,281,1292,4,4,8,22,70573,S342,Groceries,6084.609375,0.89,3.9,3.6,10919,17110,3204,216,2,43,94.03488372,54,11,20314,67927.20103,1011,1292,18,11.59860817,88241.20103
WH258,Houston,1665,1457,2,5,7,13,56498,S669,Automotive,1525,1.18,4.4,3.1,30826,10751,14777,58,31,74,20.60810811,13,-61,25528,-3411.899644,-208,1665,0,37.04786885,22116.10036
WH071(2),San Francisco,2237,663,4,2,6,11,47922,S851,Electronics,3891,3.85,7.8,4.2,27494,19822,10759,236,35,30,12.06976744,34,4,30581,25847.68622,-1574,2237,0,12.31611411,56428.68622
WH194(2),Dallas,602,611,4,2,6,8,73889,S537,Furniture,7286.179688,2.96,2,3.8,33343,7383,6215,96,36,45,40.21666667,64,19,13598,92068.80733,9,611,25,10.14097966,105666.8073
WH458,Seattle,1930,1690,2,5,7,14,59326,S305,Apparel,4275,0.84,1,2.3,11992,10108,558,3,22,62,68.9516129,38,-24,10666,51331.5928,-240,1930,0,13.8774269,61997.5928
WH033(1),New York,1074,1503,4,3,7,18,78909,S779,Apparel,5796.9375,2.5,9.3,1.6,40292,17468,13194,267,22,44,111.1363636,51,7,30662,53407.27968,429,1503,8,13.61218747,84069.27968
WH434(2),Los Angeles,1864,1995,4,3,7,17,70261,S111,Groceries,7834.648438,3.15,6,3.3,38812,18418,12601,274,17,26,58.47058824,69,43,31019,82601.89908,131,1995,29,8.967983766,113620.8991
WH221,Chicago,4943,3956,4,3,7,15,93573,S697,Electronics,5874,0.77,1.7,4.3,11235,7855,14611,76,44,28,209.7857143,52,24,22466,62720.86786,-987,4943,0,15.93003064,85186.86786
WH491,Miami,4508,2131,5,2,7,11,72094,S232,Automotive,5076,1.8,2.6,4.6,10464,13887,5737,110,6,75,67.68,45,-30,19624,53989.98387,-2377,4508,0,14.20291568,73613.98387
WH347(1),Atlanta,642,2120,4,3,7,24,91504,S898,Groceries,7147.914063,0.75,5.2,2.4,14075,3025,12889,172,31,5,817.3,63,58,15914,87747.62934,1478,2120,27,12.80149694,103661.6293
WH233(2),Denver,1816,1723,5,2,7,7,85301,S387,Groceries,6476.976563,4.6,6,3.2,42089,19944,8555,164,37,16,22.91044776,57,41,28499,65432.45158,-93,1816,19,13.16987937,93931.45158
WH286(1),Denver,2276,1052,5,2,7,19,74330,S454,Apparel,3978,1.77,3.9,2.1,22787,4803,1858,143,41,49,81.17346939,35,-14,6661,51029.39162,-1224,2276,0,18.68526898,57690.39162
WH141(2),Miami,329,2363,5,2,7,11,91042,S381,Automotive,7786.015625,2.21,8.8,3.4,15155,9438,4296,47,27,41,18.62244898,69,28,13734,99181.60848,2034,2363,30,11.69301532,112915.6085
WH307(2),Chicago,1267,335,5,2,7,10,92424,S690,Automotive,6667.875,2.26,1.3,3.3,11336,16865,12202,79,14,22,57.08536585,59,37,29067,67632.92962,-932,1267,16,13.86108768,96699.92962
WH179,San Francisco,4703,3631,3,4,7,5,55573,S690,Groceries,5077,0.73,1.3,1.4,22122,7430,9719,15,34,51,99.54901961,45,-6,17149,56479.48624,-1072,4703,0,10.94603112,73628.48624
WH100,Atlanta,4348,3191,4,3,7,9,60499,S145,Electronics,6065,0.64,6.6,4.3,36544,3673,4952,181,50,85,71.35294118,53,-32,8625,79331.81879,-1157,4348,0,9.97510305,87956.81879
WH033(2),New York,1074,1503,4,3,7,12,37440,S414,Groceries,8291.015625,1.53,0.6,4.4,38198,8814,3819,171,23,44,45.56,73,29,12633,107606.3007,429,1503,30,4.515731449,120239.3007
WH068,Los Angeles,3513,3170,4,3,7,19,53542,S599,Electronics,7359,0.66,7.5,2.2,20332,4948,5074,273,43,92,79.98913043,65,-27,10022,96700.87378,-343,3513,0,7.275716809,106722.8738
WH041,New York,982,3984,2,5,7,24,58802,S388,Groceries,8736.914063,3.43,1.1,4.5,20994,19518,6490,148,43,79,71.84810127,77,-2,26008,100697.8808,3002,3984,27,6.730293966,126705.8808
WH033(1),Seattle,310,1901,5,3,8,25,99965,S261,Apparel,7077.648438,3.74,9.1,4.8,36935,18414,8482,299,30,17,229.6969697,62,45,26896,75746.61189,1591,1901,29,14.12404146,102642.6119
WH264(1),Atlanta,1904,1773,5,2,7,12,57378,S314,Electronics,3823,2.53,4.9,2.7,29822,2827,5546,47,28,32,121.3650794,34,2,8373,47069.52568,-131,1904,0,15.00863196,55442.52568
WH060,New York,969,1093,4,3,7,7,51567,S231,Furniture,2353.734375,3.59,5,3.1,26229,4565,2540,206,35,17,125.1176471,21,4,7105,27029.70534,124,1093,2,21.90858941,34134.70534
WH194(1),Dallas,602,611,5,3,8,19,43468,S735,Groceries,4565.367188,3.98,8.9,4.2,43074,6812,2324,244,3,45,98.93333333,40,-5,9136,57072.60255,9,611,1,9.521249489,66208.60255
WH489,Seattle,3853,1343,3,4,7,15,40856,S941,Apparel,5090,1.2,2,3.5,13948,8099,6692,112,45,12,424.1666667,45,33,14791,59026.01693,-2510,3853,0,8.026719057,73817.01693
WH119,Miami,1100,2919,3,1,4,16,79205,S795,Groceries,7662.242188,4.51,7.7,4.6,28489,5217,14484,147,36,74,77.5,68,-6,19701,91419.60142,1819,2919,17,10.33705253,111120.6014
WH344(1),Denver,493,237,3,4,7,5,96689,S532,Apparel,4908,1.21,4.9,3.6,43485,11804,3414,113,9,42,118.2650602,43,1,15218,55959.58724,-256,493,0,19.70028525,71177.58724
WH181,Denver,3264,2646,6,1,7,10,65921,S627,Apparel,3316,2.83,4,3.4,49628,19408,4478,177,29,93,35.65591398,29,-64,23886,24203.82871,-618,3264,0,19.87967431,48089.82871
WH128(1),Seattle,705,1059,4,3,7,25,68512,S984,Automotive,4753.570313,1,3,3.8,25647,13314,2177,16,10,17,239.969697,42,25,15491,53446.99218,354,1059,7,14.41274568,68937.99218
WH201,Los Angeles,4179,964,6,1,7,10,55053,S520,Groceries,4124,1.48,3.6,2,29722,9487,7488,253,0,45,91.64444444,36,-9,16975,42832.73631,-3215,4179,0,13.34941804,59807.73631
WH039,Chicago,4264,676,4,3,7,13,35183,S120,Groceries,5645,4.6,6.9,3.7,45076,18049,2828,117,11,80,70.5625,50,-30,20877,60988.82722,-3588,4264,0,6.232595217,81865.82722
WH404,Atlanta,1319,4559,3,6,9,13,74534,S305,Furniture,9150.648438,4.49,8.9,4.6,22844,3352,12320,226,22,52,112.75,81,29,15672,117034.006,3240,4559,29,8.145215119,132706.006
WH109,Miami,4011,4098,2,5,7,11,46152,S408,Automotive,5436.367188,2.97,6.4,2.2,18705,7073,13970,9,7,83,64.13253012,48,-35,21043,57797.15888,87,4098,1,8.489492782,78840.15888
WH034,San Francisco,2843,1770,2,5,7,20,87773,S849,Apparel,1507,1.05,7.5,4.3,28144,7977,1059,274,27,49,30.75510204,13,-36,9036,12819.05786,-1073,2843,0,58.24353019,21855.05786
WH054(2),New York,1617,2119,4,3,7,12,58194,S591,Apparel,5472.671875,4.91,5.1,1.4,47174,18838,1891,260,15,30,88.24242424,48,18,20729,58637.66256,502,2119,10,10.63356279,79366.66256
WH258(1),Miami,509,2031,3,4,7,7,62446,S154,Automotive,7025.914063,1.87,3.4,3,13932,7226,9521,222,47,36,110.125,62,26,16747,85145.34131,1522,2031,27,8.887953858,101892.3413
WH113,San Francisco,2373,1542,2,5,7,15,92064,S178,Electronics,4806,4.73,6.9,5,18600,5680,3070,163,48,91,52.81318681,42,-49,8750,60948.34643,-831,2373,0,19.15605493,69698.34643
WH054(2),Denver,281,1292,3,3,6,8,88426,S663,Groceries,4269.734375,3.79,1.5,4.9,48667,4070,9536,47,29,43,59.53246753,38,-5,13606,48315.22881,1011,1292,2,20.70995341,61921.22881
WH191(2),Seattle,424,2350,3,2,5,25,46847,S880,Electronics,7074.976563,4.3,3.9,2.1,36198,14052,1535,288,16,32,114.1794872,62,30,15587,87016.86339,1926,2350,19,6.621506034,102603.8634
WH199(2),Miami,1774,1614,5,1,6,16,33933,S821,Electronics,8730.851563,4.06,4.2,4.2,39619,19011,1904,296,30,28,34.01492537,77,49,20915,105702.9602,-160,1774,35,3.886562468,126617.9602
WH191(1),Seattle,424,2351,4,3,7,21,93258,S136,Groceries,8775.484375,2.21,5.2,4,11429,12498,5777,175,5,32,153.78125,77,45,18275,108990.2414,1927,2351,34,10.6271057,127265.2414
WH124,New York,1340,2971,6,2,8,25,79393,S819,Automotive,7574.507813,1.06,7.4,4,33504,9168,1607,140,20,12,489.5,67,55,10775,99073.24586,1631,2971,15,10.48160514,109848.2459
WH092(1),Dallas,468,216,3,3,6,9,73884,S970,Automotive,3792,2.22,2.2,4.9,32410,16534,12558,61,19,34,111.5294118,33,-1,29092,25900.95249,-252,468,0,19.48417722,54992.95249
WH484,Los Angeles,3743,410,5,1,6,23,81031,S376,Groceries,1897,0.64,0.6,1.8,48044,14036,11150,278,9,22,86.22727273,17,-5,25186,2324.978607,-3333,3743,0,42.71534001,27510.97861
WH264(2),Atlanta,1903,1773,5,1,6,16,54060,S276,Apparel,3823,0.65,9.6,3.1,49681,7521,4161,287,5,31,241.9230769,34,3,11682,43760.52568,-130,1903,0,14.14072718,55442.52568
WH009(1),New York,2289,512,4,2,6,13,67329,S104,Electronics,4206,4.41,9.6,3.1,42346,16029,6976,229,10,13,336.48,37,24,23005,37991.9299,-1777,2289,0,16.00784593,60996.9299
WH366,Dallas,1217,564,2,4,6,15,64548,S783,Furniture,6930,1.29,4.6,2,33642,13415,14962,40,1,85,81.52941176,61,-24,28377,72124.36096,-653,1217,0,9.314285714,100501.361
WH456(1),Miami,2226,2003,5,2,7,10,71826,S686,Groceries,4714,0.52,1.8,3.7,19710,9717,12407,88,9,18,269.3428571,42,24,22124,46240.12923,-223,2226,0,15.23674162,68364.12923
WH192,Los Angeles,2980,5034,5,1,6,5,72538,S293,Furniture,9550.976563,4.92,6.9,4,11351,16209,912,173,1,5,1479.4,84,79,17121,121390.709,2054,5034,19,7.594825464,138511.709
WH223(2),Los Angeles,309,466,5,1,6,22,88519,S930,Automotive,4349,4.74,7,3.1,49802,1114,7525,1,4,35,126.0277778,38,3,8639,54431.76751,157,466,0,20.35387445,63070.76751
WH426(2),Atlanta,1499,329,5,1,6,19,43957,S712,Automotive,7485.28125,4.56,9.8,5,12946,14139,7731,161,38,40,229.6666667,66,26,21870,86684.25005,-1170,1499,28,5.872458032,108554.25
WH009(2),New York,2288,512,4,2,6,8,30780,S217,Apparel,4659.46875,4.65,8.7,2.4,24801,15966,14405,135,29,12,145.0909091,41,29,30371,37202.29737,-1776,2288,4,6.605903302,67573.29737
WH473(1),Miami,1761,359,5,1,6,5,35991,S384,Electronics,4409,3.97,3.8,1.5,47108,2831,5140,173,9,37,120.7945205,39,2,7971,55969.90916,-1402,1761,0,8.163075527,63940.90916
WH290,New York,1498,3928,3,3,6,22,73515,S827,Apparel,8378.078125,3.23,7.8,2.9,27015,17774,1468,215,10,57,103.2280702,74,17,19242,102259.9125,2430,3928,22,8.774685423,121501.9125
WH125,Seattle,1085,3932,2,1,3,10,31964,S539,Electronics,8843.546875,4.53,1,4.9,34914,15079,12423,271,13,41,143.804878,78,37,27502,100750.3083,2847,3932,26,3.614386903,128252.3083
WH330,Houston,4556,3161,3,3,6,5,51674,S612,Automotive,5683,0.58,9.4,2,48929,3405,14853,112,6,12,473.5833333,50,38,18258,64158.91693,-1395,4556,0,9.092732712,82416.91693
WH258(2),Miami,508,2031,3,3,6,16,72802,S679,Apparel,5891.242188,4.22,1.3,2.2,35073,5339,9222,241,25,36,45.28985507,52,16,14561,70875.92029,1523,2031,17,12.35766544,85436.92029
WH060(1),Chicago,1956,650,4,3,7,17,37255,S713,Automotive,4659,3.36,3.8,4.6,18379,5090,5452,224,37,41,113.6219512,41,0,10542,57024.49938,-1306,1956,0,7.996351148,67566.49938
WH401,Seattle,3759,1018,3,3,6,17,60495,S810,Apparel,6247,4.66,9.7,1.8,41287,4925,11217,124,40,98,63.74489796,55,-43,16142,74454.24848,-2741,3759,0,9.683848247,90596.24848
WH112(2),Chicago,1560,2347,4,2,6,24,96271,S136,Groceries,6079.609375,0.69,7.6,3.4,43037,11793,3716,73,18,13,17.25806452,54,41,15509,72659.68922,787,2347,18,15.83506342,88168.68922
WH353,Atlanta,1817,5158,7,3,10,18,80216,S968,Groceries,9375.015625,3.47,6.4,4.4,39379,8720,13741,158,11,96,62.22916667,83,-13,22461,113498.8599,3341,5158,30,8.556359073,135959.8599
WH141(1),Denver,490,1035,4,2,6,18,96843,S119,Automotive,5213.671875,4.04,5.6,2,15824,10856,12927,70,41,26,156.9038462,46,20,23783,51827.55109,545,1035,10,18.57481681,75610.55109
WH174(1),Los Angeles,1386,2271,5,1,6,8,89581,S508,Electronics,6172.875,1.28,7,4.1,45941,17813,9555,190,34,46,95.79120879,54,8,27368,62153.26097,885,2271,16,14.51203856,89521.26097
WH205(2),San Francisco,2427,2277,3,3,6,17,85331,S395,Apparel,6078.976563,3.4,5,4.5,37204,7396,11618,129,33,34,49.52941176,54,20,19014,69145.51195,-150,2427,19,14.03706679,88159.51195
WH458(1),Dallas,1478,296,4,2,6,11,68101,S816,Apparel,4415,3.31,5.9,3.9,34314,19128,9077,197,37,37,120.9452055,39,2,28205,35822.92333,-1182,1478,0,15.42491506,64027.92333
WH362(1),San Francisco,553,747,2,4,6,16,86457,S396,Automotive,4632.46875,1.32,1.5,1.4,44544,4098,7715,131,3,11,379.8636364,41,30,11813,55368.73362,194,747,4,18.66326675,67181.73362
WH472(1),New York,2034,1189,3,4,7,8,55131,S214,Automotive,4142,2.69,7.8,1.7,40549,17999,12708,226,12,23,180.0869565,37,14,30707,29361.7788,-845,2034,0,13.3102366,60068.7788
WH315(1),Los Angeles,1127,1204,4,2,6,5,78804,S722,Furniture,4996.734375,3.94,1.6,4.1,17822,14959,4780,61,42,37,128.9054054,44,7,19739,52725.44517,77,1204,2,15.7711005,72464.44517
WH442(2),Chicago,272,2276,4,1,5,25,80079,S187,Electronics,6467.507813,3.3,9.6,4.1,25046,18888,9374,172,19,23,52.5862069,57,34,28262,65532.13235,2004,2276,15,12.38173997,93794.13235
WH054(1),Atlanta,1339,2259,4,3,7,15,88414,S924,Electronics,6126.242188,2.5,5.4,2,13407,19481,4614,228,3,47,90.30107527,54,7,24095,64749.9751,920,2259,17,14.43201188,88844.9751
WH286(2),Denver,2276,1051,5,1,6,21,45378,S498,Automotive,6697.8125,0.83,2.2,1.4,33922,7619,14413,298,13,49,197.1304348,59,10,22032,75102.09404,-1225,2276,24,6.775047823,97134.09404
WH456(2),Miami,2225,2002,4,1,5,13,48320,S782,Furniture,9020.953125,2.56,9.6,4.4,46938,13318,3878,127,50,17,80.2173913,80,63,17196,113629.1178,-223,2225,38,5.356418477,130825.1178
WH225(1),San Francisco,1169,1492,3,3,6,16,99158,S273,Furniture,5571.203125,3.9,7.3,1.8,49023,13849,14520,249,8,32,152.84375,49,17,28369,52426.59831,323,1492,6,17.79830995,80795.59831
WH473(2),Miami,1761,358,5,1,6,20,66747,S595,Apparel,4635.734375,4.72,7.9,4.4,39899,19918,1522,149,7,36,193.6666667,41,5,21440,45789.09289,-1403,1761,2,14.39836595,67229.09289
WH349,Los Angeles,2308,724,5,1,6,16,92173,S273,Electronics,3727,4.9,10,2.9,49852,12760,11568,240,36,31,120.2258065,33,2,24328,29722.29903,-1584,2308,0,24.73115106,54050.29903
WH030(1),New York,1965,599,5,1,6,13,66480,S123,Apparel,4724,2.58,8.3,3.6,36144,3341,6868,214,36,17,277.8823529,42,25,10209,58300.15284,-1366,1965,0,14.07281964,68509.15284
WH032(1),Atlanta,1552,740,4,2,6,13,79160,S386,Furniture,4626,3.03,8.2,1.1,19103,7872,1947,131,0,7,660.8571429,41,34,9819,57268.92147,-812,1552,0,17.11197579,67087.92147
WH075,Houston,2578,4206,2,4,6,8,73583,S771,Furniture,7671.507813,4.52,7.4,4.2,47323,11323,11581,153,11,79,75.58227848,68,-11,22904,88350.97486,1628,4206,15,9.591725877,111254.9749
WH420,Houston,778,4266,6,5,11,18,36339,S645,Furniture,9543.382813,1.77,3.2,1.6,33230,18911,2535,291,15,69,87.37681159,84,15,21446,116955.5817,3488,4266,31,3.80776929,138401.5817
WH183,Miami,3442,3997,3,3,6,18,34794,S121,Electronics,6569.835938,2.65,7,3.8,47664,5117,8157,28,26,54,111.1666667,58,4,13274,82004.13175,555,3997,5,5.29602266,95278.13175
WH426(1),Atlanta,1499,329,5,1,6,19,43556,S375,Electronics,4311,2.47,7.9,4.3,37264,13469,6482,52,15,40,107.775,38,-2,19951,42568.67779,-1170,1499,0,10.10345627,62519.67779
WH022,Dallas,785,3253,5,7,12,10,48656,S464,Electronics,8561.078125,3.04,2.1,1.1,12450,2415,6527,135,16,76,79.82894737,76,0,8942,115213.8446,2468,3253,22,5.68339633,124155.8446
WH128(2),Seattle,705,1058,4,2,6,11,98150,S955,Apparel,3959,4.34,3.7,2.7,32555,4215,6391,48,50,16,51.16666667,35,19,10606,46808.84676,353,1058,0,24.79161404,57414.84676
WH178,Atlanta,1055,3915,9,1,10,16,93626,S917,Automotive,9024.546875,1.38,3.2,2.6,13099,12517,8893,283,37,99,61.38383838,80,-19,21410,109467.2356,2860,3915,26,10.37459291,130877.2356
WH280(2),San Francisco,1682,1609,5,1,6,6,48757,S710,Furniture,3904,2.46,0.7,1.4,28549,16441,14887,113,10,35,109.2222222,34,-1,31328,25289.21691,-73,1682,0,12.48898566,56617.21691
WH269,Los Angeles,1403,4806,3,2,5,20,86006,S571,Apparel,9593.382813,4.24,5.9,3.8,38733,16907,4024,274,14,31,196.0967742,85,54,20931,118195.6997,3403,4806,31,8.965137917,139126.6997
WH341,Houston,3722,1745,4,2,6,10,67201,S361,Electronics,3781,3.84,4.8,4.8,13998,15719,12369,91,15,27,140.037037,33,6,28088,26745.42652,-1977,3722,0,17.77334039,54833.42652
WH031(1),San Francisco,672,424,5,1,6,12,64407,S690,Groceries,4813,0.57,7.7,2.5,46795,10723,4060,2,31,10,506.5789474,42,32,14783,55016.86296,-248,672,0,13.3818824,69799.86296
WH223(1),Los Angeles,309,466,5,1,6,11,36651,S591,Groceries,4689.101563,4.45,2.7,2.4,38504,13484,1670,120,40,35,124.2571429,41,6,15154,52849.04311,157,466,3,7.816209462,68003.04311
WH054(2),Atlanta,1338,2258,3,2,5,6,79701,S820,Groceries,5786.140625,4.82,9.6,4.2,46394,19151,559,103,31,46,60.03703704,51,5,19710,64202.6995,920,2258,14,13.77446646,83912.6995
WH078,San Francisco,2466,2107,4,2,6,8,99202,S436,Groceries,1248,1.65,8.6,2.1,49895,11376,4433,42,14,46,27.13043478,11,-35,15809,2289.94639,-359,2466,0,79.48878205,18098.94639
WH183,Houston,4448,2335,5,1,6,13,90309,S518,Electronics,5763,4.66,7.2,4,30810,8728,14870,138,17,7,823.2857143,51,44,23598,59979.10581,-2113,4448,0,15.67048412,83577.10581
WH347(2),Atlanta,642,2120,4,2,6,24,42372,S372,Furniture,4086,1.54,2.3,1.2,13306,18195,9484,63,4,5,76.3220339,36,31,27679,31577.64659,1478,2120,0,10.37004405,59256.64659
WH080,Seattle,4039,1966,5,1,6,16,82812,S892,Furniture,3353,1.62,4.8,1.2,17616,15539,4666,55,30,40,83.825,30,-10,20205,28421.41606,-2073,4039,0,24.69788249,48626.41606
WH442(1),Chicago,272,2277,5,2,7,20,59227,S407,Groceries,8849.21875,1.78,8.2,1.9,11085,14270,6211,275,50,23,207.2826087,78,55,20481,107853.5639,2005,2277,36,6.692907213,128334.5639
WH472(2),New York,2033,1189,2,3,5,18,79114,S637,Automotive,5842.507813,4.79,5,1.4,22704,4727,7642,15,36,23,18.38333333,52,29,12369,72361.1568,-844,2033,15,13.54110299,84730.1568
WH344(2),Denver,492,237,3,3,6,12,52305,S668,Apparel,5928.304688,3.94,3.9,4.6,17206,7229,10178,155,18,41,45.46153846,52,11,17407,68567.41404,-255,492,9,8.822927086,85974.41404
WH121,Dallas,3594,4135,5,1,6,19,82199,S237,Electronics,5669.835938,4.3,8.4,4.2,13566,12058,11764,185,24,18,283.5,50,32,23822,58404.00695,541,4135,5,14.49759762,82226.00695
WH088,Los Angeles,4772,1457,5,1,6,5,40177,S829,Groceries,5640,3.76,4.8,5,43571,13210,3013,192,9,47,120,50,3,16223,65570.31542,-3315,4772,0,7.12358156,81793.31542
WH060(2),Chicago,1955,649,3,2,5,6,34868,S995,Electronics,5224.835938,3.62,9.7,3,44883,12300,2152,88,45,41,50.03703704,46,5,14452,61320.45635,-1306,1955,5,6.67351098,75772.45635
WH399,Denver,4248,2155,2,4,6,22,52943,S685,Furniture,3942,4.41,3.9,3.6,14161,10536,6394,117,48,72,54.75,35,-37,16930,40238.30663,-2093,4248,0,13.43049214,57168.30663
WH101(1),Chicago,2465,1099,4,1,5,7,59285,S406,Apparel,3977,2.08,7,3.5,42598,7843,6764,159,21,9,467.8235294,35,26,14607,43068.88926,-1366,2465,0,14.90696505,57675.88926
WH196,Houston,4003,1225,2,3,5,12,75092,S336,Furniture,7111,1.3,3.9,1.5,14012,4592,3788,137,5,84,84.6547619,63,-21,8380,94746.28828,-2778,4003,0,10.5599775,103126.2883
WH313(2),Chicago,1104,805,1,3,4,10,88630,S566,Electronics,4175.367188,0.8,4.5,3.6,28749,10282,3061,207,38,44,33.93442623,37,-7,13343,47209.6818,-299,1104,1,21.22687563,60552.6818
WH375(2),New York,1166,1284,3,1,4,14,88732,S585,Groceries,4113,4.23,2.9,3.8,44144,14983,1982,110,22,16,46.625,36,20,16965,42683.21034,118,1284,0,21.57354729,59648.21034
WH233(2),Atlanta,2217,2498,4,1,5,23,33193,S810,Automotive,6419.140625,4.41,8.5,4.9,17790,17299,2291,64,4,38,122.2857143,57,19,19590,73502.69394,281,2498,14,5.170941398,93092.69394
WH192,San Francisco,1631,4816,7,2,9,10,97759,S187,Electronics,9382.648438,2.85,0.6,4.1,26153,11785,9870,23,1,78,78.14102564,83,5,21655,114415.5537,3185,4816,29,10.4191264,136070.5537
WH156(2),Los Angeles,1399,740,3,2,5,16,79668,S260,Groceries,4057,4.47,1.1,3,40101,5397,12018,49,25,40,30.9516129,36,-4,17415,41421.07813,-659,1399,0,19.63717032,58836.07813
WH093,Atlanta,1435,5167,5,3,8,18,53504,S868,Furniture,9892.117188,3.5,1.6,2.7,16295,3196,14151,114,44,13,473.1538462,87,74,17347,126112.0534,3732,5167,33,5.408751128,143459.0534
WH488,Denver,1769,2744,5,3,8,18,63690,S782,Apparel,7276.304688,2.83,3.2,3.2,18687,7616,14003,237,28,67,93.37313433,64,-3,21619,83904.59652,975,2744,9,8.753069413,105523.5965
WH092,New York,3321,3652,2,3,5,13,35784,S732,Groceries,5443.101563,4.48,2.2,1.1,40555,2353,10115,246,41,66,77.31818182,48,-18,12468,66469.82322,331,3652,3,6.574192965,78937.82322
WH375(1),New York,1166,1285,4,2,6,15,81666,S341,Apparel,4453.101563,2.32,2,4.1,45665,7809,1742,4,39,16,257.0625,39,23,9551,55029.48594,119,1285,3,18.3391281,64580.48594
WH362(2),San Francisco,552,747,2,3,5,10,39505,S122,Electronics,7352.28125,3.62,5.9,3.5,33050,6424,6198,97,42,11,243.3684211,65,54,12622,94003.43605,195,747,28,5.373162241,106625.436
WH491(1),Houston,283,2137,2,4,6,22,41020,S248,Groceries,8673.117188,2.28,3.1,4.6,28078,14358,9193,198,11,29,170.0689655,77,48,23551,102229.6755,1854,2137,33,4.729556757,125780.6755
WH224,New York,2460,509,4,1,5,18,51625,S634,Automotive,5160,3.23,3.5,1.8,25172,19245,13942,247,25,15,344,46,31,33187,41645.18219,-1951,2460,0,10.00484496,74832.18219
WH375(1),Denver,2496,1905,4,2,6,15,89876,S372,Automotive,3813,1.33,5.4,2.3,11753,1898,8285,120,49,26,146.6346154,34,8,10183,45114.50207,-591,2496,0,23.57094152,55297.50207
WH044(1),Miami,849,1650,2,3,5,17,87372,S501,Groceries,6168.507813,2.58,4.1,1.6,44716,6489,14212,47,31,15,297.8666667,54,39,20701,68756.92645,801,1650,15,14.16420351,89457.92645
WH156(1),Los Angeles,1399,741,3,2,5,23,30568,S920,Apparel,4058,4.89,6.8,2.3,22257,1110,5314,292,10,41,100.1851852,36,-5,6424,52426.58049,-658,1399,0,7.532774766,58850.58049
WH263,Los Angeles,2607,4256,3,2,5,13,94791,S892,Apparel,7889.507813,4.39,2.5,3.3,10928,15210,10826,137,1,37,167.2702703,70,33,26036,88380.48954,1649,4256,15,12.01481794,114416.4895
WH274(2),Los Angeles,2497,614,2,2,4,13,86732,S219,Automotive,4653.734375,3.43,5.4,2.3,10369,5264,2813,283,22,42,27.88372093,41,-1,8077,59413.13539,-1883,2497,2,18.63707574,67490.13539
WH425(1),Dallas,535,2334,3,3,6,15,94026,S466,Furniture,8315.75,3.5,9.1,4.3,29777,8675,5657,28,1,35,133.9285714,73,38,14332,106266.0076,1799,2334,32,11.30697772,120598.0076
WH185,Atlanta,4025,1348,3,2,5,6,32278,S134,Automotive,2457,0.72,6.9,1.2,22903,1778,4901,249,5,46,53.41304348,22,-24,6679,28953.30071,-2677,4025,0,13.13715914,35632.30071
WH039,New York,4625,2143,4,1,5,19,77994,S711,Groceries,6810,3.74,9.4,4.3,37574,5501,11572,20,2,18,378.3333333,60,42,17073,81688.07766,-2482,4625,0,11.45286344,98761.07766
WH425(2),Dallas,535,2333,2,2,4,5,87939,S804,Apparel,4687,1.12,9.4,1.9,45518,13888,8672,264,41,35,46.77419355,41,6,22560,45412.56549,1798,2333,0,18.76232131,67972.56549
WH100(1),Los Angeles,930,2245,3,2,5,23,34451,S211,Groceries,7537.8125,0.51,3.2,1.1,29322,18781,7428,269,47,30,163.2881356,66,36,26209,83107.07719,1315,2245,24,4.570424112,109316.0772
WH032(2),Atlanta,1551,740,4,1,5,21,51273,S529,Automotive,8367.117188,4.74,4.4,3.7,42787,16048,12204,164,31,7,35.20454545,74,67,28252,93090.95306,-811,1551,33,6.127917041,121342.9531
WH037,Houston,1389,1881,3,2,5,17,48242,S860,Apparel,3235.835938,2.74,1.1,4.5,16071,5523,4816,2,45,18,148.2777778,29,11,10339,36588.26054,492,1881,5,14.90866686,46927.26054
WH344(2),Houston,1036,447,4,1,5,16,64265,S709,Furniture,4183.367188,3.67,2.6,3.4,44887,2797,9671,245,12,27,58.69014085,37,10,12468,48200.70069,-589,1036,1,15.36202708,60668.70069
WH218,Dallas,1856,4009,4,5,9,15,72564,S626,Electronics,8613.976563,4.12,9.1,2.3,23518,3828,8048,206,7,70,92.28571429,76,6,11876,113046.9968,2153,4009,19,8.423983914,124922.9968
WH251(1),Denver,1626,2055,5,1,6,23,31002,S244,Apparel,4716.9375,4.23,4.9,4.4,26329,2308,9978,268,34,42,90.71428571,42,0,12286,56120.72992,429,2055,8,6.572484795,68406.72992
WH076(2),Houston,1234,848,4,1,5,15,55720,S284,Groceries,5799.773438,3.47,3.2,3.8,46320,6255,7436,25,24,50,130.9310345,51,1,13691,70419.40747,-386,1234,13,9.607271836,84110.40747
WH458(2),Dallas,1478,295,3,2,5,21,76238,S963,Apparel,7474.914063,3.42,7.2,2.4,34918,2038,14626,258,46,36,68.91666667,66,30,16664,91739.90135,-1183,1478,27,10.1991808,108403.9014
WH315(2),Los Angeles,1126,1204,3,2,5,12,36291,S219,Groceries,7603.179688,1.79,4.7,1.7,16817,11598,10070,107,48,37,124.6486486,67,30,21668,88596.05573,78,1204,25,4.773134595,110264.0557
WH121(1),Dallas,2211,1608,2,3,5,19,51038,S596,Automotive,4455,1.7,7.9,4.6,31151,12442,3752,179,34,13,342.6923077,39,26,16194,48414.01776,-603,2211,0,11.45634119,64608.01776
WH030(2),New York,1965,598,5,0,5,17,52286,S612,Electronics,6311.140625,1.46,6.2,4.3,28836,18445,4379,142,10,17,18.70149254,56,39,22824,68702.43897,-1367,1965,14,8.284714778,91526.43897
WH313(1),Chicago,1104,805,2,4,6,11,34878,S612,Apparel,4062,1.42,3.4,1.4,23458,16194,1647,72,47,45,91.28089888,36,-9,17841,41067.58993,-299,1104,0,8.586410635,58908.58993
WH076(1),Houston,1234,848,4,1,5,17,73989,S635,Furniture,4327,1.41,9.6,3.6,20971,7064,8104,113,23,50,86.53,38,-12,15168,47583.71557,-386,1234,0,17.09937601,62751.71557
WH419(1),Seattle,2308,1384,4,2,6,14,57295,S112,Furniture,4809,2.38,4.4,3.8,28007,3193,9014,13,36,29,168.7368421,42,13,12207,57534.85352,-924,2308,0,11.91411936,69741.85352
WH371(2),Houston,464,1424,3,1,4,16,67320,S193,Groceries,4876.367188,2.88,5.7,1.9,35955,19702,9406,116,26,13,52.85714286,43,30,29108,41610.83678,960,1424,1,13.80535907,70718.83678
WH251(2),Denver,1626,2055,4,0,4,17,47222,S485,Groceries,3810,1.92,8.4,2.7,12761,2360,10103,53,2,42,403,34,-8,12463,42790.99499,429,2055,0,12.39422572,55253.99499
WH187(1),Dallas,1378,2220,2,3,5,16,91702,S674,Electronics,5557.507813,3.55,4.6,4.4,39303,5345,3013,126,33,43,90.74117647,49,6,8358,72238.98394,842,2220,15,16.5005616,80596.98394
WH315,Chicago,2679,2355,4,1,5,10,85536,S512,Apparel,5352,2.7,3.6,2.9,43969,17067,8262,60,47,33,162.1818182,47,14,25329,52287.63548,-324,2679,0,15.98206278,77616.63548
WH225(2),San Francisco,1169,1492,2,3,5,14,50857,S617,Apparel,7158.34375,2.52,1.9,4,35251,3425,7300,22,0,32,207.7692308,63,31,10725,93087.88443,323,1492,20,7.10457639,103812.8844
WH257,Houston,1169,3503,3,6,9,11,79946,S198,Electronics,9002.710938,2.17,5.7,4.3,35367,18442,6998,133,25,74,89.48648649,79,5,25440,105120.563,2334,3503,21,8.880214033,130560.563
WH270,Dallas,532,4281,8,4,12,11,87888,S184,Furniture,10498.48438,3.48,1.5,1.5,48750,18999,9465,279,8,53,125.3584906,93,40,28464,123788.8092,3749,4281,34,8.3714941,152252.8092
WH453,New York,1322,4183,5,2,7,13,73377,S434,Automotive,9657.546875,3.28,7,1.2,42688,4554,936,299,33,44,152.5,85,41,5490,134567.2301,2861,4183,26,7.597892192,140057.2301
WH375(2),Denver,2495,1905,3,1,4,13,77440,S744,Apparel,5399.140625,1.72,2.5,2,47706,3022,2563,120,14,26,35.24242424,48,22,5585,72715.28584,-590,2495,14,14.34302334,78300.28584
WH282(1),Chicago,729,461,3,2,5,6,56640,S997,Electronics,3859,0.73,4.7,2.4,14777,10811,5499,289,6,19,208.5675676,34,15,16310,39654.61067,-268,729,0,14.67737756,55964.61067
WH491(2),Houston,283,2137,1,3,4,25,52334,S260,Groceries,7539.445313,0.78,9.5,3.1,10338,6035,7781,294,36,29,51.65934066,67,38,13816,95523.75683,1854,2137,23,6.941359454,109339.7568
WH033,Miami,2300,1459,4,1,5,5,88472,S808,Electronics,2672,3.04,8.2,4.6,20247,12513,5813,145,41,59,45.28813559,24,-35,18326,20424.3083,-841,2300,0,33.11077844,38750.3083
WH174,Miami,1935,3684,2,2,4,7,37318,S161,Groceries,8632.875,4.03,4.2,3.1,19330,3636,5063,97,33,42,162.3571429,76,34,8699,116498.0688,1749,3684,16,4.322777754,125197.0688
WH482,Seattle,2343,1171,3,2,5,15,59904,S763,Electronics,7410,1.51,3.3,3.5,44472,7102,3547,246,1,67,110.5970149,65,-2,10649,96813.49419,-1172,2343,0,8.084210526,107462.4942
WH371(1),Houston,465,1425,4,2,6,15,87397,S391,Apparel,6690.242188,3.82,0.8,1.6,44786,16282,11137,124,1,14,352.8148148,59,45,27419,69605.30664,960,1425,17,13.06335369,97024.30664
WH344(1),Houston,1037,447,4,1,5,21,34990,S123,Furniture,4071,4.11,6.1,4.1,36001,1476,14534,262,3,28,148.0181818,36,8,16010,43029.11118,-590,1037,0,8.594939818,59039.11118
WH174(2),Los Angeles,1385,2271,5,0,5,8,99706,S219,Groceries,5151.570313,2.64,2.2,4.8,45610,12957,14529,270,5,45,79.28301887,45,0,27486,47223.93182,886,2271,7,19.35448688,74709.93182
WH233(1),Atlanta,2217,2499,4,1,5,20,65546,S355,Groceries,5398.835938,2.37,5.5,3,20120,5212,7969,97,18,39,125.5064935,48,9,13181,65114.86715,282,2499,5,12.1407653,78295.86715
WH225,San Francisco,1742,4542,4,1,5,12,98732,S504,Groceries,9853.179688,3.98,6.1,4.3,15069,12991,14155,176,12,75,93.58666667,87,12,27146,115748.3677,2800,4542,25,10.02031863,142894.3677
WH354,Los Angeles,2929,2193,4,1,5,23,93422,S519,Electronics,6796,2.45,4.9,1.4,12910,3528,10857,63,24,87,78.11494253,60,-27,14385,84173.0446,-736,2929,0,13.74661566,98558.0446
WH031(2),San Francisco,671,424,5,0,5,16,30515,S503,Groceries,8553.117188,1.41,2.7,2.3,39339,15148,14579,179,20,9,24.39240506,75,66,29727,94313.39218,-247,671,33,3.567705122,124040.3922
WH361(2),Seattle,1836,1326,3,2,5,14,60781,S565,Automotive,4553.734375,1.06,4.2,4.4,33682,14240,6406,0,41,46,14,40,-6,20646,45393.8993,-510,1836,2,13.34750668,66039.8993
WH039,Miami,874,3644,7,3,10,8,87744,S724,Furniture,9867.179688,2.7,7.3,1.3,11714,8626,3739,80,48,38,185.0789474,87,49,12365,130732.4008,2770,3644,25,8.892510604,143097.4008
WH361(1),Houston,1923,948,3,2,5,12,67556,S598,Electronics,4860,4.07,8.4,2.8,34874,14922,13314,126,11,49,100.1958763,43,-6,28236,42245.47392,-975,1923,0,13.90041152,70481.47392
WH145(2),Chicago,1107,1210,2,2,4,21,59432,S469,Automotive,6418.609375,2.43,7.7,5,13524,12644,3492,26,33,6,39.06756757,57,51,16136,76948.98956,103,1210,18,9.259326519,93084.98956
WH419(2),Seattle,2307,1383,3,1,4,12,64914,S345,Groceries,6622.875,3.19,2.5,4,43468,10594,5244,119,41,28,72.47169811,58,30,15838,80209.32338,-924,2307,16,9.801483495,96047.32338
WH141(2),Denver,490,1035,3,2,5,22,70908,S732,Electronics,7026.546875,2.31,8.1,2.9,28387,9132,14296,247,21,26,55.43333333,62,36,23428,78473.51859,545,1035,26,10.09144339,101901.5186
WH145(1),Chicago,1108,1211,3,3,6,6,50560,S392,Electronics,4605.734375,2.14,5.4,1.1,35201,12612,1619,187,47,6,729.75,41,35,14231,52563.02207,103,1211,2,10.97761961,66794.02207
WH274(1),Los Angeles,2497,614,3,3,6,6,70245,S740,Furniture,4428,1.84,9.8,2.6,30671,16446,1274,153,3,43,104.1764706,39,-4,17720,46496.45402,-1883,2497,0,15.86382114,64216.45402
WH319(1),New York,603,2059,3,2,5,24,55373,S952,Apparel,7884.546875,3.43,8.3,4.8,12227,16050,8770,250,39,21,240.8292683,70,49,24820,89524.54423,1456,2059,26,7.022978096,114344.5442
WH361(1),Seattle,1836,1326,3,2,5,13,63188,S383,Electronics,4328,4.24,6.9,4.1,40379,19104,11161,211,50,46,94.07608696,38,-8,30265,32501.21793,-510,1836,0,14.59981516,62766.21793
WH092(2),Dallas,468,215,2,3,5,8,45475,S955,Apparel,4585.570313,2.11,1.3,3.6,38735,11826,3479,122,47,34,145.4705882,40,6,15305,51196.59556,-253,468,7,9.91697802,66501.59556
WH397(1),Denver,2186,322,4,1,5,19,42195,S204,Automotive,4139,0.72,8.2,4.2,35116,18146,7702,35,40,20,206.95,37,17,25848,34177.27172,-1864,2186,0,10.19449142,60025.27172
WH157(1),Atlanta,1195,205,2,2,4,10,81644,S452,Apparel,4900,1.61,8.5,4.1,15979,9882,8995,33,45,15,337.9310345,43,28,18877,52184.56836,-990,1195,0,16.66204082,71061.56836
WH485(1),San Francisco,1195,1350,3,2,5,11,40118,S679,Furniture,4815.101563,1.07,6.5,1.3,42688,12734,4978,41,25,48,93.21875,42,-6,17712,52118.34058,155,1350,3,8.331703803,69830.34058
WH111,New York,1306,2568,4,1,5,6,99648,S417,Apparel,8486.40625,1.72,5.4,4.2,10857,14934,5552,292,24,12,593.8333333,75,63,20486,102586.9261,1262,2568,12,11.7420728,123072.9261
WH099(1),Los Angeles,739,1768,4,1,5,6,75822,S573,Electronics,6559.976563,2.58,3.3,2.7,33202,8946,11951,16,49,3,1468.5,58,55,20897,74238.14754,1029,1768,19,11.558273,95135.14754
WH397(2),Denver,2186,321,3,0,3,22,78996,S598,Electronics,4592.46875,0.97,3.3,3.1,49848,8552,12597,117,37,20,32.95918367,41,21,21149,45452.63919,-1865,2186,4,17.20120578,66601.63919
WH155(1),Houston,762,1410,2,2,4,23,63126,S335,Automotive,6159.40625,1.97,4.4,4.7,30211,3215,7518,135,12,19,259.4054054,54,35,10733,78592.9323,648,1410,12,10.24871513,89325.9323
WH121(2),Dallas,2211,1608,1,3,4,15,43503,S577,Electronics,7629.28125,1.51,4.2,4.1,38300,10261,11559,296,7,13,99.96,67,54,21820,88822.59001,-603,2211,28,5.702109881,110642.59
WH101(2),Chicago,2464,1099,3,1,4,25,69993,S981,Apparel,5676.507813,1.31,0.6,2.1,39214,8105,10630,29,23,8,207.2,50,42,18735,63587.76489,-1365,2464,15,12.3302922,82322.76489
WH349(1),Miami,947,981,3,1,4,6,96163,S533,Automotive,4262.367188,3.97,8.4,2.6,45430,18999,14529,76,30,18,237.0571429,38,20,33528,28286.3872,34,981,1,22.56093757,61814.3872
WH168(1),Atlanta,647,1036,2,3,5,25,85680,S717,Furniture,5630.570313,2.01,5.8,3,22010,14540,12286,105,13,3,1934.8,50,47,26826,54830.56268,389,1036,7,15.21693101,81656.56268
WH060(2),New York,2315,1710,2,2,4,14,31611,S429,Groceries,5037.203125,4.15,1.6,3.8,34858,2509,2403,159,45,17,105.4,44,27,4912,68139.33759,-605,2315,6,6.275506311,73051.33759
WH022(1),Houston,1326,2090,3,1,4,5,40114,S571,Groceries,6444.140625,1.74,2.6,2.2,26441,16376,3721,216,37,42,117.0240964,57,15,20097,73358.25297,764,2090,14,6.224879675,93455.25297
WH168(2),Atlanta,647,1036,1,2,3,7,57506,S167,Groceries,9258.320313,3.22,4.2,2.9,16459,19635,13095,61,1,2,68.74193548,82,80,32730,101537.5024,389,1036,39,6.211277862,134267.5024
WH306(1),Houston,2471,2040,3,2,5,25,44339,S210,Groceries,4805,3.93,0.5,1.2,46227,9557,8166,102,37,10,480.45,42,32,17723,51960.84407,-431,2471,0,9.227679501,69683.84407
WH018,Miami,2482,516,2,2,4,17,79112,S491,Apparel,2238,2.3,1.8,4.1,24140,15962,4290,292,23,70,31.97142857,20,-50,20252,12204.28367,-1966,2482,0,35.34941912,32456.28367
WH282(2),Chicago,728,461,2,2,4,24,52345,S856,Groceries,4198.101563,3.24,3.2,1.2,41612,2593,12276,9,33,18,87.81818182,37,19,14869,46013.38391,-267,728,3,12.46873122,60882.38391
WH361(2),Houston,1922,948,3,1,4,10,63033,S768,Automotive,7693.179688,0.9,7.8,4,26467,18771,5622,160,49,48,65.59322034,68,20,24393,87176.26821,-974,1922,25,8.193361206,111569.2682
WH242,Miami,1440,1135,2,2,4,22,64823,S471,Apparel,2917,3.75,9.6,3.4,40012,18694,5063,49,8,67,43.53731343,26,-41,23757,18546.38671,-305,1440,0,22.22248886,42303.38671
WH010(1),Atlanta,427,2411,1,3,4,25,30777,S616,Furniture,8008.21875,2.9,4.6,1.2,13624,8451,6198,241,40,44,89.25,71,27,14649,101489.0784,1984,2411,36,3.843176736,116138.0784
WH044(2),Miami,848,1649,2,2,4,25,59472,S365,Furniture,6848.710938,4.09,4.5,4.6,20435,6118,12838,265,36,15,139.4545455,60,45,18956,80366.47764,801,1649,21,8.683677928,99322.47764
WH326(2),San Francisco,605,813,2,2,4,16,49831,S925,Electronics,5603.304688,3.25,6.8,3.6,40412,4257,7568,141,45,45,48.72527473,49,4,11825,69436.14675,208,813,9,8.89314481,81261.14675
WH306(2),Houston,2471,2040,2,1,3,5,82497,S709,Furniture,7864.914063,1.4,1.5,3.9,49764,6405,8691,138,16,10,177.4285714,69,59,15096,98963.8221,-431,2471,27,10.48924366,114059.8221
WH129(1),Miami,2025,1866,3,1,4,13,64539,S461,Automotive,4398,2.99,4.9,4.8,34165,15396,9246,78,32,3,1466,39,36,24642,39139.38319,-159,2025,0,14.67462483,63781.38319
WH389(1),San Francisco,1086,1661,1,3,4,9,60429,S902,Automotive,5639.039063,1.75,3.1,3.6,47296,19538,10792,201,22,7,627.3571429,50,43,30330,51449.37955,575,1661,11,10.71618752,81779.37955
WH319(2),New York,603,2059,2,2,4,11,97235,S670,Groceries,6750.875,1.44,1.3,2.1,38426,18176,3251,135,43,20,59.79310345,60,40,21427,76476.62557,1456,2059,16,14.40331809,97903.62557
WH233,Houston,1799,4048,2,3,5,22,39231,S415,Furniture,9395.34375,1.56,1.2,1.6,21097,2115,6205,10,20,91,78.32967033,83,-8,8320,127934.6657,2249,4048,20,4.175578994,136254.6657
WH010(2),Atlanta,426,2411,1,3,4,25,36991,S217,Electronics,5514.140625,1.95,8.1,4.7,18398,9138,5531,44,16,44,164.88,49,5,14669,65299.05734,1985,2411,14,6.708388943,79968.05734
WH151(1),New York,495,1392,3,1,4,18,47950,S492,Automotive,5788.875,4.51,8.4,1.5,22004,6945,3471,28,46,16,248.40625,51,35,10416,73536.35439,897,1392,16,8.283129278,83952.35439
WH305,Denver,3581,1545,2,2,4,17,58798,S703,Furniture,3336,3.35,8.1,4,34887,19453,9161,272,30,86,38.79069767,29,-57,28614,19765.87593,-2036,3581,0,17.62529976,48379.87593
WH485(2),San Francisco,1194,1350,2,1,3,23,81369,S811,Furniture,5040.835938,3.54,1.7,2.8,28129,18641,13910,117,7,48,103,44,-4,32551,40553.02195,156,1350,5,16.14196554,73104.02195
WH187(2),Dallas,1378,2220,2,2,4,9,60788,S771,Groceries,3856,4.56,7.2,4.9,18928,17190,4973,179,20,42,123.8571429,34,-8,22163,33758.10359,842,2220,0,15.76452282,55921.10359
WH458,San Francisco,660,1611,3,1,4,7,94183,S188,Automotive,7420.304688,2.47,2.8,2.2,16847,6734,14278,76,31,7,914.2857143,65,58,21012,86599.93649,951,1611,9,12.69260549,107611.9365
WH326(1),San Francisco,605,813,2,2,4,10,55520,S816,Electronics,5036.46875,0.92,8.4,3,49101,17697,11152,210,7,45,101.8444444,44,-1,28849,44191.68742,208,813,4,11.02359664,73040.68742
WH259,Seattle,4648,3271,2,2,4,15,38658,S322,Groceries,7125,0.91,6.6,1.4,15598,5751,12666,11,26,59,120.7627119,63,4,18417,84912.32134,-1377,4648,0,5.425684211,103329.3213
WH100(2),Los Angeles,1108,1321,3,1,4,16,96949,S278,Groceries,7740.015625,4.44,2.6,3.2,34100,6332,6145,273,31,42,24.01162791,68,26,12477,99771.49988,213,1321,30,12.52568531,112248.4999
WH129(2),Miami,2024,1866,3,1,4,15,92482,S228,Furniture,6098.507813,1.82,4.7,2.8,25357,8940,9011,141,38,3,26.81818182,54,51,17951,70491.76118,-158,2024,15,15.16469321,88442.76118
WH095(1),Denver,2496,1263,3,1,4,11,79488,S320,Furniture,4525,0.88,8.6,4,22805,3272,13564,126,48,47,96.26595745,40,-7,16836,48787.18302,-1233,2496,0,17.56640884,65623.18302
WH056(2),Atlanta,2139,1713,2,1,3,9,96247,S286,Electronics,8384.117188,4.23,4.2,3.6,46548,2946,5515,150,5,40,46.85714286,74,34,8461,113128.4932,-426,2139,33,11.4796821,121589.4932
WH106,Los Angeles,3765,3292,3,1,4,9,62523,S154,Apparel,6925,4.26,1,3.1,36936,3612,5023,300,6,55,125.9090909,61,6,8635,91793.84916,-473,3765,0,9.028592058,100428.8492
WH386,Chicago,535,3663,6,5,11,21,64769,S648,Groceries,10412.28125,1.56,0.5,4.2,21576,4079,1041,156,26,86,84.1627907,92,6,5120,145882.6604,3128,3663,28,6.220442806,151002.6604
WH056(1),Atlanta,2139,1714,3,2,5,19,39851,S396,Electronics,4643,2.82,9.1,3.6,38006,14959,11699,278,48,40,116.075,41,1,26658,40676.46161,-425,2139,0,8.583028215,67334.46161
WH012(1),Seattle,1247,579,3,1,4,16,40274,S405,Electronics,3845,0.59,4.1,4.4,26879,3849,4042,12,43,50,77.66666667,34,-16,7891,47870.57762,-668,1247,0,10.47438231,55761.57762
WH099(2),Los Angeles,739,1767,3,0,3,17,95822,S679,Apparel,4405,2.22,1,4.4,18618,13257,14977,276,3,3,95.13043478,39,36,28234,35648.89972,1028,1767,0,21.75300795,63882.89972
WH100(1),Los Angeles,1109,1321,3,1,4,10,50313,S143,Electronics,4792.46875,1.12,6.8,4.5,34249,6848,13675,283,29,43,102.0941176,42,-1,20523,48979.11136,212,1321,4,10.49834702,69502.11136
WH060(1),New York,2315,1710,2,2,4,24,57943,S355,Groceries,4358,1.82,4.6,3.5,44641,7152,12031,82,19,17,256.3235294,38,21,19183,44018.28876,-605,2315,0,13.29577788,63201.28876
WH100(2),Los Angeles,929,2244,2,2,4,13,97981,S268,Electronics,8218.015625,1,5.3,4.1,10630,19353,10524,107,39,29,37.01315789,72,43,29877,89303.62839,1315,2244,30,11.92270792,119180.6284
WH107(2),San Francisco,1618,2320,2,0,2,20,57333,S569,Electronics,4245,3.1,3.2,2.7,31286,5653,7017,97,44,3,79.44827586,37,34,12670,48892.52198,702,2320,0,13.50600707,61562.52198
WH179(1),Denver,1925,1867,1,2,3,21,83283,S426,Furniture,4708,4.39,8.7,3.8,25907,7284,12751,199,3,8,588.5,42,34,20035,48242.11507,-58,1925,0,17.68967715,68277.11507
WH404(1),Atlanta,893,283,1,2,3,7,56955,S185,Apparel,4496,1.18,3.3,3,21520,9662,12565,159,29,21,219.3170732,40,19,22227,42975.61456,-610,893,0,12.66792705,65202.61456
WH494(2),New York,1569,807,2,1,3,17,82892,S560,Electronics,6221.242188,3.06,1.3,4.6,30335,12391,10615,127,34,46,39.23232323,55,9,23006,67216.69938,-762,1569,17,13.32402718,90222.69938
WH335(1),Houston,712,1631,1,2,3,16,94094,S555,Electronics,6261.242188,3.03,1.7,3.8,49197,7966,7011,103,31,48,90.29166667,55,7,14977,75825.79382,919,1631,17,15.02800837,90802.79382
WH047,Dallas,2309,3122,7,3,10,16,84305,S185,Automotive,8173.9375,4.22,2.2,2.4,23096,6377,14269,254,15,6,1211.166667,72,66,20646,97895.39151,813,3122,8,10.31387872,118541.3915
WH016(1),Atlanta,640,1862,2,1,3,10,50740,S464,Electronics,6652.078125,0.55,7.2,2,15987,5509,5968,266,8,41,101.402439,59,18,11477,84993.83763,1222,1862,22,7.627691534,96470.83763
WH179(2),Denver,1925,1866,1,2,3,10,69104,S878,Apparel,6975.34375,1.09,3.2,4.5,14179,4889,4214,4,29,8,168.8333333,62,54,9103,92055.95239,-59,1925,20,9.906895269,101158.9524
WH155(2),Houston,762,1410,2,1,3,14,63807,S552,Apparel,5819.304688,0.62,4.4,3.8,18812,5326,5936,205,34,18,79.16981132,51,33,11262,73131.6567,648,1410,9,10.96471201,84393.6567
WH220,Dallas,1542,3354,7,1,8,23,36696,S271,Electronics,9108.875,4.27,7.8,4.3,48600,2541,713,264,16,48,151.9791667,80,32,3254,128846.1925,1812,3354,16,4.028598482,132100.1925
WH480(1),Atlanta,1132,1317,2,2,4,15,97185,S534,Apparel,4767.46875,2.48,5.8,2.7,16832,16744,7311,190,38,45,95.85555556,42,-3,24055,45084.55234,185,1317,4,20.38503136,69139.55234
WH480(2),Atlanta,1132,1316,1,1,2,13,34130,S309,Furniture,4879.835938,3.44,3.6,3.4,28103,10754,1809,36,5,45,48.33333333,43,-2,12563,58206.14185,184,1316,5,6.994087596,70769.14185
WH020(2),San Francisco,1367,2302,1,1,2,21,66122,S771,Apparel,8912.21875,0.91,6.2,1.1,33036,2440,8450,82,27,46,44.27272727,79,33,10890,118358.2126,935,2302,36,7.419252361,129248.2126
WH250,San Francisco,528,1982,2,1,3,9,80086,S230,Groceries,2986.773438,3.64,2.2,2.6,30525,18993,7758,49,34,36,42.02777778,26,-10,26751,16564.26629,1454,1982,13,26.81355037,43315.26629
WH107(1),San Francisco,1619,2321,3,1,4,18,89202,S218,Automotive,5719.773438,2.37,7.6,3.9,24438,17255,12267,136,8,4,1213,50,46,29522,53428.2186,702,2321,13,15.59537296,82950.2186
WH097(1),Houston,2294,2088,1,2,3,15,73887,S744,Electronics,4881,2.28,6.3,3.2,15219,5923,7977,238,26,13,375.4615385,43,30,13900,56886.0235,-206,2294,0,15.13767671,70786.0235
WH154,Denver,668,3671,2,3,5,13,93117,S588,Apparel,10368.91406,4.11,2.1,3.1,21884,16105,13500,135,7,24,304.5,91,67,29605,120768.7338,3003,3671,27,8.980400401,150373.7338
WH411(2),Denver,1002,310,1,2,3,20,47772,S644,Automotive,4760.734375,2.02,9.4,2.4,21690,16433,1907,16,15,16,465.8888889,42,26,18340,50701.888,-692,1002,2,10.03458631,69041.888
WH033(1),Denver,939,908,1,2,3,7,67582,S996,Electronics,4763,4.25,8.7,4.1,23562,4158,862,169,39,24,202.6808511,42,18,5020,64054.74492,-31,939,0,14.18895654,69074.74492
WH095(2),Denver,2495,1262,2,1,3,21,99472,S891,Furniture,6791.34375,4.71,1.2,3.3,39709,11486,4392,80,13,47,53.33802817,60,13,15878,82612.51799,-1233,2495,20,14.64688045,98490.51799
WH349(2),Miami,947,980,2,1,3,24,32599,S872,Groceries,5281.671875,4.91,9.2,3.3,16208,16299,10144,50,2,17,52.59259259,47,30,26443,50153.71163,33,980,10,6.172098679,76596.71163
WH404(2),Atlanta,892,282,1,2,3,10,31316,S153,Furniture,8010.382813,3.24,2.5,3.8,25078,11949,11131,201,41,20,115.4444444,71,51,23080,93089.46241,-610,892,31,3.909426145,116169.4624
WH411(1),Denver,1003,311,1,2,3,12,38148,S195,Groceries,4534,1.05,8.3,2.2,25644,12799,12305,290,42,16,283.375,40,24,25104,40649.70427,-692,1003,0,8.413762682,65753.70427
WH020(1),San Francisco,1367,2303,2,2,4,20,94845,S810,Groceries,6759.242188,2.39,0.9,4.2,41700,14331,8580,195,40,46,105.0326087,60,14,22911,75113.96954,936,2303,17,14.03189845,98024.96954
WH263(2),Miami,2458,1305,2,0,2,15,73834,S538,Furniture,4012,3.57,3.4,1.9,23075,4455,7674,219,0,7,39.82142857,35,28,12129,46054.47189,-1153,2458,0,18.40329013,58183.47189
WH499(1),Houston,2336,2457,3,1,4,17,43396,S112,Groceries,4632.101563,2.5,1,3.7,23417,19063,2637,88,3,17,260.0909091,41,24,21700,45476.40854,121,2457,3,9.368533788,67176.40854
WH151(2),New York,494,1392,3,0,3,9,93587,S394,Apparel,3974,2,2.3,1.4,28596,1997,2877,23,23,16,358.8181818,35,19,4874,52758.38217,898,1392,0,23.54982386,57632.38217
WH263(1),Miami,2458,1305,3,1,4,18,88765,S410,Apparel,4013,2.89,5.4,1.9,41105,1464,5319,176,36,7,573.2142857,35,28,6783,51414.97425,-1153,2458,0,22.11936207,58197.97425
WH499(2),Houston,2336,2457,2,0,2,17,85842,S946,Groceries,6558.34375,4.38,2.3,4.8,35748,5604,11672,285,43,16,37.25,58,42,17276,77835.4679,121,2457,20,13.0889754,95111.4679
WH211,Dallas,589,5164,6,3,9,24,64458,S981,Automotive,11972.05469,2,2.4,3.7,48033,6373,6467,277,2,88,83.22727273,106,18,12840,160783.0577,4575,5164,41,5.384038219,173623.0577
WH477,Miami,938,4245,5,4,9,23,52190,S601,Automotive,10784.01563,4.57,4.3,2.7,13574,11663,7327,209,14,63,117.1904762,95,32,18990,137403.6864,3307,4245,30,4.839570139,156393.6864
WH022(2),Houston,1325,2090,3,0,3,20,95132,S927,Apparel,8143.648438,1.73,6.2,2.7,36489,12353,4864,113,19,41,33.9,72,31,17217,100885.1286,765,2090,29,11.681742,118102.1286
WH055,Miami,849,4475,4,3,7,10,72838,S126,Apparel,11053.75,1.65,6.5,4.7,40691,14310,2042,160,4,78,95.20512821,98,20,16352,143953.4717,3626,4475,32,6.589437974,160305.4717
WH287(1),Atlanta,2347,2153,2,1,3,24,38920,S129,Automotive,4942,3.58,7.2,2.7,22130,17787,4640,90,2,49,101.8865979,44,-5,22427,49243.66752,-194,2347,0,7.875354108,71670.66752
WH033(1),Atlanta,1423,1622,2,1,3,23,40414,S944,Automotive,4921.46875,3.68,5.7,3.1,19590,9593,6891,294,14,9,496.4444444,43,34,16484,54888.91592,199,1622,4,8.21177621,71372.91592
WH209(1),Denver,1664,1514,1,2,3,22,93013,S544,Groceries,3842,1.37,3.1,3.2,15557,6652,8795,216,28,7,591,34,27,15447,40271.07054,-150,1664,0,24.20952629,55718.07054
WH494(1),New York,1570,807,2,1,3,24,63111,S187,Automotive,4294,3.2,3.5,3.9,24561,9978,14532,76,28,46,93.34782609,38,-8,24510,37763.13766,-763,1570,0,14.69748486,62273.13766
WH258,Miami,1503,4215,4,1,5,18,61767,S209,Automotive,10231.8125,3.17,1.9,4.4,48675,11230,5869,13,9,67,112.1044776,90,23,17099,131286.4374,2712,4215,24,6.036760349,148385.4374
WH347(1),Houston,1081,622,1,2,3,20,50718,S662,Automotive,4186,3.93,1.6,4.1,40991,17666,10537,26,34,38,110.1447368,37,-1,28203,32503.88268,-459,1081,0,12.11610129,60706.88268
WH389(2),San Francisco,1086,1660,1,2,3,16,53322,S219,Electronics,4617.734375,1.32,7.2,3,20650,10068,5006,26,30,7,66.40625,41,34,15074,51894.0504,574,1660,2,11.54722114,66968.0504
WH012(2),Seattle,1246,579,3,0,3,9,86437,S527,Electronics,3844,3.3,2.1,2.1,27574,17898,2248,196,44,49,53.56790123,34,-15,20146,35601.07526,-667,1246,0,22.48621228,55747.07526
WH033(2),Atlanta,1422,1621,2,1,3,19,75884,S617,Apparel,5601.671875,3.12,7.3,2.1,49723,10859,14319,185,2,9,204.3529412,49,40,25178,56059.46711,199,1621,10,13.54666994,81237.46711
WH033(2),Denver,938,908,1,2,3,9,74847,S405,Electronics,8844.21875,0.72,5.9,3.1,35493,2900,763,48,48,23,22.07142857,78,55,3663,124599.0521,-30,938,36,8.462816458,128262.0521
WH157(2),Atlanta,1195,204,1,2,3,8,33565,S651,Electronics,8527.75,4.46,4.3,4.2,38854,17196,7278,21,44,14,77.890625,75,61,24474,99198.50807,-991,1195,32,3.935973733,123672.5081
WH016(2),Atlanta,639,1861,1,1,2,24,51690,S605,Groceries,6877.8125,1.46,4.4,4.7,21951,6527,5896,64,43,41,146.7647059,61,20,12423,87321.519,1222,1861,24,7.515470944,99744.519
WH242(1),Atlanta,1505,883,1,1,2,18,34994,S136,Furniture,3878,1.43,1.8,1.9,47303,14519,9948,245,45,24,165.0212766,34,10,24467,31773.15553,-622,1505,0,9.023723569,56240.15553
WH068(2),Chicago,1618,2314,1,1,2,10,70464,S684,Apparel,7381.546875,3.15,5,4.7,20213,10252,6489,24,8,22,97,65,43,16741,90308.8567,696,2314,26,9.54596661,107049.8567
WH347(2),Houston,1080,621,1,1,2,11,51099,S334,Automotive,4751.835938,2.23,3.2,4.7,38501,15641,12475,131,4,38,168.8571429,42,4,28116,40796.83965,-459,1080,5,10.75352783,68912.83965
WH335(2),Houston,711,1630,1,1,2,13,32573,S940,Furniture,6828.078125,2.57,5,4,22061,7161,13990,275,9,48,64.68,60,12,21151,77872.25315,919,1630,22,4.770449225,99023.25315
WH068(1),Chicago,1619,2314,1,1,2,15,82698,S325,Automotive,5908.773438,2.3,3.5,2.6,22298,2024,5966,95,39,22,201.5681818,52,30,7990,77701.1648,695,2314,13,13.99579809,85691.1648
WH239(2),Chicago,305,591,1,0,1,12,92958,S428,Furniture,3932,3.75,2.2,1.9,15561,18118,2657,44,50,20,25.89583333,35,15,20775,36248.28302,286,591,0,23.64140387,57023.28302
WH080(2),Chicago,1100,1237,1,0,1,12,87187,S138,Automotive,8067.015625,2.95,7.1,1.5,13414,2093,8128,274,49,29,167.1304348,71,42,10221,106769.7719,137,1237,30,10.80783825,116990.7719
WH093(1),Dallas,2112,1798,1,1,2,22,63818,S867,Apparel,4100,2.37,5.3,2.6,24435,10588,8540,297,36,38,109.3333333,36,-2,19128,40331.67965,-314,2112,0,15.56536585,59459.67965
WH304(1),Los Angeles,1603,1994,1,1,2,23,56759,S739,Furniture,5757.570313,1.29,7.4,2.9,49752,2529,6603,98,29,23,220.6222222,51,28,9132,74366.36252,391,1994,7,9.858151428,83498.36252
WH080(1),Chicago,1100,1237,2,1,3,7,30946,S439,Furniture,5007.101563,2.81,4.5,3.7,28605,16645,9292,230,20,30,158.1864407,44,14,25937,46677.79387,137,1237,3,6.18042187,72614.79387
WH287(2),Atlanta,2346,2153,2,0,2,6,55459,S157,Automotive,5281.101563,3.55,3.4,4.4,36306,2942,3679,179,43,48,22.9375,47,-1,6621,69967.44075,-193,2346,3,10.50140758,76588.44075
WH354(1),Atlanta,1507,1387,1,1,2,14,68302,S306,Furniture,4442,2.38,7.6,5,15190,13477,8696,255,7,47,94.5,39,-8,22173,42246.48707,-120,1507,0,15.37640702,64419.48707
WH209(2),Denver,1664,1513,1,1,2,11,81104,S775,Electronics,3841,1.55,6.5,1.8,38384,18938,11559,57,38,6,29.5,34,28,30497,25206.56818,-151,1664,0,21.11533455,55703.56818
WH097(2),Houston,2294,2088,1,1,2,24,64485,S742,Furniture,8622.117188,3.99,4.6,3.5,48768,16192,9028,199,32,13,164.25,76,63,25220,99821.05508,-206,2294,33,7.479021521,125041.0551
WH304(2),Los Angeles,1603,1993,1,1,2,14,62347,S103,Apparel,9045.21875,1.24,4.6,3.4,42992,4735,14388,264,17,22,263.9230769,80,58,19123,112054.0266,390,1993,36,6.892812847,131177.0266
WH239(1),Chicago,305,592,2,1,3,22,43540,S120,Automotive,4613.203125,4.75,2.5,4.9,29570,17196,717,141,7,21,191.8292683,41,20,17913,48989.33657,287,592,6,9.438127657,66902.33657
WH242(2),Atlanta,1505,882,1,0,1,15,71855,S646,Apparel,4444.835938,1.82,8.6,3,42413,12091,7749,289,5,23,33.6122449,39,16,19840,44620.61486,-623,1505,5,16.16595101,64460.61486
WH093(2),Dallas,2112,1798,1,0,1,16,84542,S315,Groceries,4666.835938,2.73,8.1,3.9,14643,4303,5330,91,11,37,225.7058824,41,4,9633,58047.13898,-314,2112,5,18.11548577,67680.13898
WH354(2),Atlanta,1506,1387,1,0,1,6,87751,S961,Apparel,7048.445313,0.68,8.5,4.1,17858,9501,5919,9,38,47,27.85245902,62,15,15420,86799.09763,-119,1506,23,12.4496958,102219.0976
